,Name,City,Country,Arena,Capactity,Logo URL,Division,City,State,,,,,,,,,,,,,,,,,,,,,,
,,,,,,,,,,,,,,,,,,,,,,,,,,,,,,,
Team,Hawks,Atlanta,USA,State Farm Arena,18118,https://gmgames.org/dm16logos/Team0.png,Southeast,Atlanta,Georgia,,,,,,,,,,,,,,,,,,,,,,
,,,,,,,,,,,,,,,,,,,,,,,,,,,,,,,
Team,Celtics,Boston,USA,TD Garden,18624,https://gmgames.org/dm16logos/Team1.png,Atlantc,Boston,Massachusetts,,,,,,,,,,,,,,,,,,,,,,
,,,,,,,,,,,,,,,,,,,,,,,,,,,,,,,
Team,Nets,Brooklyn,USA,Barclays Center,17732,https://gmgames.org/dm16logos/Team2.png,Atlantic,Brooklyn,New York,,,,,,,,,,,,,,,,,,,,,,
,,,,,,,,,,,,,,,,,,,,,,,,,,,,,,,
Team,Hornets,Charlotte,USA,Spectrum Center,19077,https://gmgames.org/dm16logos/Team3.png,Southeast,Charlotte,North Carolina,,,,,,,,,,,,,,,,,,,,,,
,,,,,,,,,,,,,,,,,,,,,,,,,,,,,,,
Team,Bulls,Chicago,USA,United Center,20917,https://gmgames.org/dm16logos/Team4.png,Central,Chicago,Illinois,,,,,,,,,,,,,,,,,,,,,,
,,,,,,,,,,,,,,,,,,,,,,,,,,,,,,,
Team,Cavaliers,Cleveland,USA,Rocket Mortgage FieldHouse,19432,https://gmgames.org/dm16logos/Team5.png,Central,Cleveland,Ohio,,,,,,,,,,,,,,,,,,,,,,
,,,,,,,,,,,,,,,,,,,,,,,,,,,,,,,
Team,Mavericks,Dallas,USA,American Airlines Center,19200,https://gmgames.org/dm16logos/Team6.png,Southwest,Dallas,Texas,,,,,,,,,,,,,,,,,,,,,,
,,,,,,,,,,,,,,,,,,,,,,,,,,,,,,,
Team,Nuggets,Denver,USA,Pepsi Center,19520,https://gmgames.org/dm16logos/Team7.png,Northwest,Denver,Colorado,,,,,,,,,,,,,,,,,,,,,,
,,,,,,,,,,,,,,,,,,,,,,,,,,,,,,,
Team,Pistons,Detroit,USA,Little Caesars Arena,20332,https://gmgames.org/dm16logos/Team8.png,Central,Detroit,Michigan,,,,,,,,,,,,,,,,,,,,,,
,,,,,,,,,,,,,,,,,,,,,,,,,,,,,,,
Team,Warriors,Golden State,USA,Chase Center,18064,https://gmgames.org/dm16logos/Team9.png,Pacific,Oakland,California,,,,,,,,,,,,,,,,,,,,,,
,,,,,,,,,,,,,,,,,,,,,,,,,,,,,,,
Team,Rockets,Houston,USA,Toyota Center,18055,https://gmgames.org/dm16logos/Team10.png,Southwest,Houston,Texas,,,,,,,,,,,,,,,,,,,,,,
,,,,,,,,,,,,,,,,,,,,,,,,,,,,,,,
Team,Pacers,Indiana,USA,Bankers Life Fieldhouse,17923,https://gmgames.org/dm16logos/Team11.png,Central,Indianapolis,Indiana,,,,,,,,,,,,,,,,,,,,,,
,,,,,,,,,,,,,,,,,,,,,,,,,,,,,,,
Team,Clippers,Los Angeles,USA,Intuit Dome,19068,https://gmgames.org/dm16logos/Team12.png,Pacific,Los Angeles,California,,,,,,,,,,,,,,,,,,,,,,
,,,,,,,,,,,,,,,,,,,,,,,,,,,,,,,
Team,Lakers,Los Angeles,USA,Cyprto.com Arena,18997,https://gmgames.org/dm16logos/Team13.png,Pacific,Los Angeles,California,,,,,,,,,,,,,,,,,,,,,,
,,,,,,,,,,,,,,,,,,,,,,,,,,,,,,,
Team,Grizzlies,Memphis,USA,FedExForum,17794,https://gmgames.org/dm16logos/Team14.png,Southwest,Memphis,Tennessee,,,,,,,,,,,,,,,,,,,,,,
,,,,,,,,,,,,,,,,,,,,,,,,,,,,,,,
Team,Heat,Miami,USA,American Airlines Arena,19600,https://gmgames.org/dm16logos/Team15.png,Southeast,Miami,Florida,,,,,,,,,,,,,,,,,,,,,,
,,,,,,,,,,,,,,,,,,,,,,,,,,,,,,,
Team,Bucks,Milwaukee,USA,Fiserv Forum,17500,https://gmgames.org/dm16logos/Team16.png,Central,Milwaukee,Wisconsin,,,,,,,,,,,,,,,,,,,,,,
,,,,,,,,,,,,,,,,,,,,,,,,,,,,,,,
Team,Timberwolves,Minnesota,USA,Target Center,18978,https://gmgames.org/dm16logos/Team17.png,Northwest,Minneapolis,Minnesota,,,,,,,,,,,,,,,,,,,,,,
,,,,,,,,,,,,,,,,,,,,,,,,,,,,,,,
Team,Pelicans,New Orleans,USA,Smoothie King Center,16867,https://gmgames.org/dm16logos/Team18.png,Southwest,New Orleans,Louisiana,,,,,,,,,,,,,,,,,,,,,,
,,,,,,,,,,,,,,,,,,,,,,,,,,,,,,,
Team,Knicks,New York,USA,Madison Square Garden,19812,https://gmgames.org/dm16logos/Team19.png,Atlantic,New York,New York,,,,,,,,,,,,,,,,,,,,,,
,,,,,,,,,,,,,,,,,,,,,,,,,,,,,,,
Team,Thunder,Oklahoma City,USA,Chesapeake Energy Arena,18203,https://gmgames.org/dm16logos/Team20.png,Northwest,Oklahoma City,Oklahoma,,,,,,,,,,,,,,,,,,,,,,
,,,,,,,,,,,,,,,,,,,,,,,,,,,,,,,
Team,Magic,Orlando,USA,Amway Center,18846,https://gmgames.org/dm16logos/Team21.png,Southeast,Orlando,Florida,,,,,,,,,,,,,,,,,,,,,,
,,,,,,,,,,,,,,,,,,,,,,,,,,,,,,,
Team,76ers,Philadelphia,USA,Wells Fargo Center,20478,https://gmgames.org/dm16logos/Team22.png,Atlantic,Philadelphia,Pennsylvania,,,,,,,,,,,,,,,,,,,,,,
,,,,,,,,,,,,,,,,,,,,,,,,,,,,,,,
Team,Suns,Phoenix,USA,Talking Stick Resort Arena,18055,https://gmgames.org/dm16logos/Team23.png,Pacific,Phoenix,Arizona,,,,,,,,,,,,,,,,,,,,,,
,,,,,,,,,,,,,,,,,,,,,,,,,,,,,,,
Team,Trail Blazers,Portland,USA,Moda Center,19441,https://gmgames.org/dm16logos/Team24.png,Northwest,Portland,Oregon,,,,,,,,,,,,,,,,,,,,,,
,,,,,,,,,,,,,,,,,,,,,,,,,,,,,,,
Team,Kings,Sacramento,USA,Golden 1 Center,17583,https://gmgames.org/dm16logos/Team25.png,Pacific,Sacramento,California,,,,,,,,,,,,,,,,,,,,,,
,,,,,,,,,,,,,,,,,,,,,,,,,,,,,,,
Team,Spurs,San Antonio,USA,AT&T Center,18418,https://gmgames.org/dm16logos/Team26.png,Southwest,San Antonio,Texas,,,,,,,,,,,,,,,,,,,,,,
,,,,,,,,,,,,,,,,,,,,,,,,,,,,,,,
Team,Raptors,Toronto,Canada,Scotiabank Arena,19800,https://gmgames.org/dm16logos/Team27.png,Atlantic,Toronto,Canada,,,,,,,,,,,,,,,,,,,,,,
,,,,,,,,,,,,,,,,,,,,,,,,,,,,,,,
Team,Jazz,Utah,USA,Vivint Smart Home Arena,18306,https://gmgames.org/dm16logos/Team28.png,Northwest,Salt Lake City,Utah,,,,,,,,,,,,,,,,,,,,,,
,,,,,,,,,,,,,,,,,,,,,,,,,,,,,,,
Team,Wizards,Washington,USA,Capital One Arena,20356,https://gmgames.org/dm16logos/Team29.png,Southeast,Washincton,D.C,,,,,,,,,,,,,,,,,,,,,,
,,,,,,,,,,,,,,,,,,,,,,,,,,,,,,,
NewFranchiseLogo,,,,,,https://gmgames.org/dm16logos/Team30.png,,,,,,,,,,,,,,,,,,,,,,,,,
,,,,,,,,,,,,,,,,,,,,,,,,,,,,,,,
,,,,,,,,,,,,,,,,,,,,,,,,,,,,,,,
,,,,,,,,,,,,,,,,,,,,,,,,,,,,,,,
Type,FirstName,Last Name,Position,Age,Height,Weight,Team ID,Defence,TurnOvers,FTA,FTPerc,2PTA,2PTPerc,3PTA,ThreePerc,OffReb,Fame,DefReb,FastBreak,Assists,Personality,Potential,Steals,Blocks,Stamina,Trait,,,,,
,,,,,,,,,,,,,,,,,,,,,,,,,,,,,,,
players,Nickeil,Alexander-Walker,SG,27,196,205,0,69,0.89,1.77,0.69,4.87,0.44,3.99,0.34,0.71,45.1,3.1,53.14,2.66,53.14,66.42,1.06,0.36,61.5,,,,,,
,,,,,,,,,,,,,,,,,,,,,,,,,,,,,,,
players,Dyson,Daniels,SG,23,203,198,0,83,1.94,1.46,0.63,6.32,0.5,3.4,0.3,1.46,58.5,3.89,68.04,3.89,66.1,77.76,2.43,0.68,70.2,,,,,,
,,,,,,,,,,,,,,,,,,,,,,,,,,,,,,,
players,Buddy,Hield,SG,32,193,220,0,69,1.77,1.77,0.81,3.54,0.48,6.2,0.36,0.44,57.4,2.66,53.14,3.1,61.99,66.42,0.8,0.17,61.5,,,,,,
,,,,,,,,,,,,,,,,,,,,,,,,,,,,,,,
players,Jalen,Johnson,PF,24,206,220,0,69,1.77,3.1,0.66,9.29,0.51,2.66,0.3,1.77,57.4,6.64,57.56,3.99,57.56,72.58,1.16,0.8,65.6,SP,,,,,,
,,,,,,,,,,,,,,,,,,,,,,,,,,,,,,,
players,Jonathan,Kuminga,SF,22,201,225,0,69,1.63,2.44,0.64,7.33,0.49,2.44,0.31,1.47,51.3,4.89,52.92,2.44,55.4,65.23,0.81,0.49,60.4,,,,,,
,,,,,,,,,,,,,,,,,,,,,,,,,,,,,,,
players,CJ,McCollum,PG,34,191,190,0,50,2.16,3.24,0.76,5.76,0.44,4.68,0.35,0.36,54.0,2.52,50.4,3.6,51.8,56.2,0.72,0.22,56.2,EX,,,,,,
,,,,,,,,,,,,,,,,,,,,,,,,,,,,,,,
players,Onyeka,Okongwu,C,24,203,235,0,83,0.97,2.43,0.73,6.8,0.56,0.49,0.19,2.92,61.2,6.32,53.46,1.46,60.26,77.76,0.78,1.17,72.0,,,,,,
,,,,,,,,,,,,,,,,,,,,,,,,,,,,,,,
players,Zaccharie,Risacher,SF,20,203,200,0,50,1.32,1.32,0.64,3.97,0.46,2.98,0.31,0.99,39.7,2.65,39.7,1.32,46.4,51.7,0.6,0.33,49.7,,,,,,
,,,,,,,,,,,,,,,,,,,,,,,,,,,,,,,
players,Gabe,Vincent,PG,28,191,200,0,50,1.44,1.44,0.78,2.88,0.4,3.24,0.33,0.36,43.2,1.44,46.8,2.16,49.0,51.8,0.58,0.14,54.0,,,,,,
,,,,,,,,,,,,,,,,,,,,,,,,,,,,,,,
players,Corey,Kispert,SF,26,198,223,0,50,0.72,1.44,0.78,2.88,0.48,4.32,0.35,0.36,43.2,1.8,43.2,1.44,46.8,51.8,0.5,0.14,54.0,,,,,,
,,,,,,,,,,,,,,,,,,,,,,,,,,,,,,,
players,Jock,Landale,C,29,211,255,0,69,0.89,1.77,0.69,4.87,0.48,1.33,0.28,1.33,49.2,3.99,48.71,1.33,53.14,61.99,0.44,0.71,61.5,,,,,,
,,,,,,,,,,,,,,,,,,,,,,,,,,,,,,,
players,Mouhamed,Gueye,PF,22,208,210,0,50,1.32,1.32,0.64,3.31,0.46,1.66,0.28,0.99,36.4,2.65,39.7,1.32,45.0,49.7,0.46,0.4,49.7,,,,,,
,,,,,,,,,,,,,,,,,,,,,,,,,,,,,,,
,,,,,,,,,,,,,,,,,,,,,,,,,,,,,,,
,,,,,,,,,,,,,,,,,,,,,,,,,,,,,,,
,,,,,,,,,,,,,,,,,,,,,,,,,,,,,,,
,,,,,,,,,,,,,,,,,,,,,,,,,,,,,,,
players,Jayson,Tatum,SF,27,203,210,1,69,1.77,5.31,0.78,9.29,0.51,7.08,0.35,0.89,73.8,6.64,66.42,4.43,70.85,84.13,1.06,0.62,69.7,SP,,,,,,
,,,,,,,,,,,,,,,,,,,,,,,,,,,,,,,
players,Jaylen,Brown,SG,28,198,223,1,69,1.77,4.87,0.74,8.41,0.48,4.87,0.33,1.06,72.2,5.31,61.99,3.54,69.12,79.7,0.97,0.44,69.7,SP,,,,,,
,,,,,,,,,,,,,,,,,,,,,,,,,,,,,,,
players,Derrick,White,PG,30,193,190,1,83,0.97,3.4,0.83,6.32,0.49,4.86,0.37,0.49,67.5,3.89,68.04,4.86,82.62,82.62,1.46,0.78,76.5,,,,,,
,,,,,,,,,,,,,,,,,,,,,,,,,,,,,,,
players,Nikola,Vucevic,C,34,208,260,1,69,1.77,2.66,0.74,7.97,0.48,2.66,0.31,2.21,65.6,8.86,48.71,2.66,66.42,72.58,0.71,0.62,65.6,IH,,,,,,
,,,,,,,,,,,,,,,,,,,,,,,,,,,,,,,
players,Payton,Pritchard,PG,26,185,195,1,69,0.89,1.77,0.81,3.99,0.42,5.31,0.35,0.44,57.4,2.66,61.99,3.54,70.85,69.12,0.89,0.17,65.6,,,,,,
,,,,,,,,,,,,,,,,,,,,,,,,,,,,,,,
players,Sam,Hauser,SF,27,201,217,1,50,0.72,1.44,0.78,2.52,0.44,4.68,0.39,0.36,49.0,2.52,43.2,1.44,50.4,54.0,0.43,0.22,56.2,,,,,,
,,,,,,,,,,,,,,,,,,,,,,,,,,,,,,,
players,Neemias,Queta,C,25,213,245,1,69,0.89,2.21,0.6,5.76,0.53,0.44,0.18,2.21,53.3,5.31,48.71,0.89,60.26,66.42,0.62,1.06,64.0,,,,,,
,,,,,,,,,,,,,,,,,,,,,,,,,,,,,,,
players,Jordan,Walsh,SF,21,198,205,1,69,1.63,1.63,0.64,4.07,0.44,2.85,0.3,0.81,45.3,3.26,52.92,1.63,57.02,65.23,0.81,0.49,58.8,,,,,,
,,,,,,,,,,,,,,,,,,,,,,,,,,,,,,,
players,Luka,Garza,C,26,208,243,1,50,0.72,1.44,0.69,5.04,0.51,1.44,0.32,1.44,50.4,4.68,36.0,1.08,46.8,54.0,0.36,0.36,54.0,,,,,,
,,,,,,,,,,,,,,,,,,,,,,,,,,,,,,,
players,Ron,Harper Jr.,SF,24,198,245,1,50,1.44,1.8,0.69,3.6,0.46,2.16,0.31,1.08,43.2,3.24,43.2,1.44,49.0,54.0,0.5,0.29,54.0,,,,,,
,,,,,,,,,,,,,,,,,,,,,,,,,,,,,,,
players,Baylor,Scheierman,SF,23,198,205,1,50,0.72,1.44,0.74,3.24,0.46,3.96,0.35,0.58,43.2,2.52,43.2,1.8,50.4,54.0,0.5,0.22,54.0,,,,,,
,,,,,,,,,,,,,,,,,,,,,,,,,,,,,,,
players,Hugo,Gonzalez,SG,19,198,190,1,50,1.32,0.99,0.64,2.65,0.44,1.99,0.3,0.33,36.4,1.99,43.1,1.32,47.7,56.3,0.53,0.2,49.7,,,,,,
,,,,,,,,,,,,,,,,,,,,,,,,,,,,,,,
,,,,,,,,,,,,,,,,,,,,,,,,,,,,,,,
,,,,,,,,,,,,,,,,,,,,,,,,,,,,,,,
,,,,,,,,,,,,,,,,,,,,,,,,,,,,,,,
,,,,,,,,,,,,,,,,,,,,,,,,,,,,,,,
players,Michael,Porter Jr.,SF,27,208,218,2,69,1.77,3.54,0.75,8.41,0.5,5.76,0.37,1.06,65.6,5.76,57.56,1.77,61.99,75.28,0.71,0.44,65.6,EX,,,,,,
,,,,,,,,,,,,,,,,,,,,,,,,,,,,,,,
players,Nic,Claxton,C,25,211,215,2,83,0.97,2.92,0.58,6.8,0.63,0.19,0.1,2.92,63.0,7.29,58.32,1.94,63.18,82.62,0.87,1.75,76.5,,,,,,
,,,,,,,,,,,,,,,,,,,,,,,,,,,,,,,
players,Ochai,Agbaji,SG,25,196,215,2,69,0.89,1.77,0.69,4.87,0.46,3.99,0.33,0.71,53.3,3.1,57.56,2.21,60.26,69.12,0.8,0.36,64.0,,,,,,
,,,,,,,,,,,,,,,,,,,,,,,,,,,,,,,
players,Terance,Mann,SG,28,196,215,2,69,0.89,2.21,0.72,5.31,0.48,3.1,0.33,1.06,57.4,3.99,61.99,2.66,61.99,70.85,0.89,0.44,65.6,,,,,,
,,,,,,,,,,,,,,,,,,,,,,,,,,,,,,,
players,Ziaire,Williams,SF,23,203,188,2,69,1.77,2.21,0.64,5.31,0.44,3.54,0.31,0.89,53.3,3.54,57.56,1.77,61.99,70.85,0.71,0.44,64.0,,,,,,
,,,,,,,,,,,,,,,,,,,,,,,,,,,,,,,
players,Day'Ron,Sharpe,C,23,206,265,2,69,0.89,2.21,0.6,5.76,0.51,0.44,0.18,3.1,55.8,6.2,48.71,1.33,57.56,70.85,0.62,0.89,65.6,,,,,,
,,,,,,,,,,,,,,,,,,,,,,,,,,,,,,,
players,Noah,Clowney,PF,20,208,210,2,69,1.63,1.63,0.64,4.48,0.46,2.85,0.3,1.22,49.0,4.07,48.92,1.22,57.02,69.23,0.65,0.65,58.8,,,,,,
,,,,,,,,,,,,,,,,,,,,,,,,,,,,,,,
players,Josh,Minott,SF,22,203,215,2,69,1.63,1.63,0.64,4.07,0.44,2.44,0.29,1.22,45.3,3.66,52.92,1.22,55.4,65.23,0.73,0.49,58.8,,,,,,
,,,,,,,,,,,,,,,,,,,,,,,,,,,,,,,
players,Jalen,Wilson,SF,24,198,225,2,50,0.72,1.44,0.69,3.6,0.44,2.52,0.31,0.86,43.2,3.24,43.2,1.44,50.4,56.2,0.58,0.29,56.2,,,,,,
,,,,,,,,,,,,,,,,,,,,,,,,,,,,,,,
players,Egor,Demin,PG,18,203,190,2,50,1.32,0.99,0.64,2.98,0.44,2.32,0.31,0.33,36.4,1.99,43.1,2.32,47.7,59.6,0.53,0.2,49.7,,,,,,
,,,,,,,,,,,,,,,,,,,,,,,,,,,,,,,
players,Danny,Wolf,C,21,213,255,2,69,2.85,2.76,0.55,4.89,0.53,2.44,0.33,1.71,9.1,6.44,61.88,2.94,65.99,67.61,0.73,1.31,61.9,R,,,,,,
,,,,,,,,,,,,,,,,,,,,,,,,,,,,,,,
players,Nolan,Traore,PG,18,191,175,2,50,1.32,0.99,0.64,2.65,0.43,2.32,0.3,0.33,36.4,1.66,46.4,2.65,49.7,59.6,0.6,0.13,49.7,,,,,,
,,,,,,,,,,,,,,,,,,,,,,,,,,,,,,,
players,Drake,Powell,SF,19,198,195,2,50,1.32,0.99,0.64,2.98,0.44,2.32,0.31,0.53,36.4,2.32,43.1,1.32,46.4,58.3,0.53,0.26,49.7,R,,,,,,
,,,,,,,,,,,,,,,,,,,,,,,,,,,,,,,
,,,,,,,,,,,,,,,,,,,,,,,,,,,,,,,
,,,,,,,,,,,,,,,,,,,,,,,,,,,,,,,
,,,,,,,,,,,,,,,,,,,,,,,,,,,,,,,
,,,,,,,,,,,,,,,,,,,,,,,,,,,,,,,
players,LaMelo,Ball,PG,23,201,180,3,69,2.66,4.43,0.74,7.53,0.41,7.08,0.33,0.89,69.7,5.31,66.42,7.08,75.28,81.43,1.33,0.36,69.7,SP,,,,,,
,,,,,,,,,,,,,,,,,,,,,,,,,,,,,,,
players,Brandon,Miller,SF,22,206,200,3,69,1.63,3.26,0.75,7.33,0.44,5.29,0.34,0.98,60.4,4.48,57.02,2.44,63.5,73.33,0.81,0.49,61.9,,,,,,
,,,,,,,,,,,,,,,,,,,,,,,,,,,,,,,
players,Miles,Bridges,PF,27,201,225,3,69,1.77,3.99,0.74,8.86,0.48,3.54,0.31,1.33,67.2,6.2,61.99,3.1,66.42,75.28,0.89,0.62,67.2,,,,,,
,,,,,,,,,,,,,,,,,,,,,,,,,,,,,,,
players,Tre,Mann,PG,24,190,180,3,69,1.77,2.66,0.72,5.76,0.42,4.87,0.33,0.44,61.5,2.66,61.99,3.99,66.42,75.28,0.89,0.27,65.6,,,,,,
,,,,,,,,,,,,,,,,,,,,,,,,,,,,,,,
players,Josh,Green,SG,24,196,200,3,69,0.89,1.77,0.69,4.87,0.46,3.1,0.31,0.89,57.4,3.99,61.99,2.21,61.99,70.85,1.06,0.44,65.6,,,,,,
,,,,,,,,,,,,,,,,,,,,,,,,,,,,,,,
players,Grant,Williams,PF,26,198,236,3,69,0.89,2.21,0.78,4.43,0.46,3.99,0.35,0.89,59.0,4.43,53.14,1.77,66.42,70.85,0.8,0.44,65.6,,,,,,
,,,,,,,,,,,,,,,,,,,,,,,,,,,,,,,
players,Coby,White,PG,25,196,195,3,69,1.77,2.66,0.78,6.64,0.43,5.31,0.33,0.44,64.0,3.1,66.42,3.99,69.12,75.28,0.89,0.27,67.2,,,,,,
,,,,,,,,,,,,,,,,,,,,,,,,,,,,,,,
players,Xavier,Tillman,C,26,203,245,3,69,0.89,2.21,0.6,5.76,0.51,0.89,0.28,2.21,57.4,5.76,48.71,2.21,61.99,70.85,0.89,0.89,65.6,,,,,,
,,,,,,,,,,,,,,,,,,,,,,,,,,,,,,,
players,Moussa,Diabate,PF,23,208,210,3,69,1.77,1.77,0.64,5.31,0.51,1.33,0.23,1.77,53.3,5.31,53.14,1.33,63.72,75.28,0.8,0.71,65.6,,,,,,
,,,,,,,,,,,,,,,,,,,,,,,,,,,,,,,
players,Pat,Connaughton,SG,31,196,209,3,69,0.89,1.77,0.75,3.54,0.44,4.87,0.33,0.71,57.4,3.1,57.56,1.77,61.99,66.42,0.62,0.27,64.0,,,,,,
,,,,,,,,,,,,,,,,,,,,,,,,,,,,,,,
players,Ryan,Kalkbrenner,C,24,213,235,3,83,1.17,4.96,0.7,9.23,0.69,1.65,0.39,2.33,4.5,6.03,71.93,1.46,81.65,77.76,0.78,2.62,72.9,R,,,,,,
,,,,,,,,,,,,,,,,,,,,,,,,,,,,,,,
players,Kon,Knueppel,SG,20,202,217,3,69,1.06,2.12,0.8,3.18,0.5,5.05,0.34,0.65,15.1,3.1,65.99,2.2,64.37,73.33,0.65,0.16,64.1,R,,,,,,
,,,,,,,,,,,,,,,,,,,,,,,,,,,,,,,
players,Antonio,Reeves,SG,24,196,187,3,50,1.44,1.44,0.74,3.96,0.44,3.6,0.35,0.36,46.8,2.16,46.8,1.44,51.8,61.2,0.5,0.14,56.2,,,,,,
,,,,,,,,,,,,,,,,,,,,,,,,,,,,,,,
players,Tidjane,Salaun,PF,19,206,210,3,50,1.32,1.32,0.64,3.64,0.44,2.32,0.3,0.99,39.7,3.64,39.7,1.32,49.7,59.6,0.53,0.46,51.7,,,,,,
,,,,,,,,,,,,,,,,,,,,,,,,,,,,,,,
,,,,,,,,,,,,,,,,,,,,,,,,,,,,,,,
,,,,,,,,,,,,,,,,,,,,,,,,,,,,,,,
,,,,,,,,,,,,,,,,,,,,,,,,,,,,,,,
,,,,,,,,,,,,,,,,,,,,,,,,,,,,,,,
players,Anfernee,Simons,SG,26,191,181,4,69,1.77,3.54,0.81,6.64,0.42,6.64,0.35,0.44,67.2,3.1,66.42,3.99,69.12,77.98,0.89,0.17,67.2,,,,,,
,,,,,,,,,,,,,,,,,,,,,,,,,,,,,,,
players,Collin,Sexton,PG,26,188,190,4,69,1.77,4.87,0.77,7.97,0.44,3.1,0.31,0.44,65.6,2.66,70.85,3.54,66.42,75.28,0.89,0.17,67.2,,,,,,
,,,,,,,,,,,,,,,,,,,,,,,,,,,,,,,
players,Josh,Giddey,PG,22,203,205,4,69,2.44,2.44,0.69,6.92,0.44,2.04,0.28,1.63,60.4,6.11,57.02,5.29,69.23,73.33,0.98,0.41,61.9,SP,,,,,,
,,,,,,,,,,,,,,,,,,,,,,,,,,,,,,,
players,Isaac,Okoro,SF,24,196,225,4,69,0.89,2.21,0.69,4.87,0.46,3.1,0.32,1.06,57.4,3.99,57.56,1.77,61.99,72.58,1.06,0.53,65.6,,,,,,
,,,,,,,,,,,,,,,,,,,,,,,,,,,,,,,
players,Patrick,Williams,PF,23,201,215,4,69,0.89,2.21,0.74,5.76,0.44,3.1,0.32,1.33,57.4,4.87,57.56,1.77,63.72,75.28,0.89,0.71,65.6,,,,,,
,,,,,,,,,,,,,,,,,,,,,,,,,,,,,,,
players,Jalen,Smith,C,25,208,215,4,69,0.89,2.66,0.69,6.2,0.51,1.77,0.32,2.21,59.0,6.2,53.14,1.33,61.99,72.58,0.71,1.06,65.6,,,,,,
,,,,,,,,,,,,,,,,,,,,,,,,,,,,,,,
players,Zach,Collins,C,27,211,250,4,69,1.77,3.1,0.74,6.64,0.48,2.21,0.29,1.77,59.0,5.76,48.71,2.21,63.72,70.85,0.71,0.89,65.6,,,,,,
,,,,,,,,,,,,,,,,,,,,,,,,,,,,,,,
players,Rob,Dillingham,PG,20,188,175,4,50,1.32,1.66,0.74,3.97,0.42,3.64,0.34,0.33,51.7,1.66,49.7,2.98,53.0,59.6,0.66,0.13,53.0,,,,,,
,,,,,,,,,,,,,,,,,,,,,,,,,,,,,,,
players,Tre,Jones,PG,25,185,185,4,69,0.89,2.21,0.78,5.76,0.46,1.77,0.28,0.44,59.0,2.66,61.99,4.87,75.28,70.85,1.06,0.17,67.2,,,,,,
,,,,,,,,,,,,,,,,,,,,,,,,,,,,,,,
players,Leonard,Miller,PF,21,208,215,4,69,1.63,2.04,0.64,5.29,0.46,1.63,0.28,1.63,51.3,5.29,48.92,1.63,61.13,71.71,0.65,0.65,60.4,,,,,,
,,,,,,,,,,,,,,,,,,,,,,,,,,,,,,,
players,Matas,Buzelis,SF,20,208,210,4,69,1.63,2.04,0.69,4.89,0.44,3.66,0.31,1.22,52.8,4.07,52.92,2.04,63.5,74.95,0.65,0.57,60.4,,,,,,
,,,,,,,,,,,,,,,,,,,,,,,,,,,,,,,
players,Guerschon,Yabusele,PF,29,203,260,4,69,0.89,2.66,0.69,6.2,0.48,1.77,0.31,1.77,57.4,5.76,53.14,1.77,61.99,66.42,0.71,0.62,65.6,,,,,,
,,,,,,,,,,,,,,,,,,,,,,,,,,,,,,,
,,,,,,,,,,,,,,,,,,,,,,,,,,,,,,,
,,,,,,,,,,,,,,,,,,,,,,,,,,,,,,,
,,,,,,,,,,,,,,,,,,,,,,,,,,,,,,,
,,,,,,,,,,,,,,,,,,,,,,,,,,,,,,,
players,Donovan,Mitchell,SG,28,191,215,5,69,1.77,4.87,0.78,8.41,0.44,6.2,0.33,0.71,72.2,4.43,70.85,4.87,75.28,81.43,1.33,0.27,69.7,SP,,,,,,
,,,,,,,,,,,,,,,,,,,,,,,,,,,,,,,
players,James,Harden,PG,35,196,220,5,69,3.54,7.08,0.8,7.97,0.41,6.64,0.32,0.89,73.8,5.31,66.42,7.97,79.7,79.7,1.33,0.44,67.2,HF,,,,,,
,,,,,,,,,,,,,,,,,,,,,,,,,,,,,,,
players,Evan,Mobley,PF,23,211,215,5,83,1.94,3.89,0.73,9.23,0.53,1.46,0.29,2.43,76.5,8.75,63.18,2.92,77.76,89.42,1.17,1.75,76.5,,,,,,
,,,,,,,,,,,,,,,,,,,,,,,,,,,,,,,
players,Jarrett,Allen,C,26,211,243,5,83,0.97,3.4,0.68,8.26,0.63,0.19,0.1,3.4,72.0,9.23,58.32,1.94,72.9,85.54,0.97,1.65,76.5,,,,,,
,,,,,,,,,,,,,,,,,,,,,,,,,,,,,,,
players,Max,Strus,SF,28,196,215,5,69,0.89,2.21,0.78,4.87,0.42,6.2,0.34,0.71,61.5,3.99,61.99,2.21,66.42,72.58,0.8,0.36,67.2,EX,,,,,,
,,,,,,,,,,,,,,,,,,,,,,,,,,,,,,,
players,Dennis,Schroder,PG,31,185,172,5,69,1.77,3.1,0.77,6.64,0.43,3.1,0.31,0.44,61.5,2.66,70.85,4.87,70.85,70.85,0.89,0.17,67.2,,,,,,
,,,,,,,,,,,,,,,,,,,,,,,,,,,,,,,
players,Sam,Merrill,SG,28,193,205,5,50,0.72,1.08,0.81,2.52,0.41,4.68,0.37,0.36,51.8,1.8,46.8,1.44,54.0,56.2,0.5,0.14,57.6,,,,,,
,,,,,,,,,,,,,,,,,,,,,,,,,,,,,,,
players,Larry,Nance Jr.,PF,32,203,245,5,69,0.89,1.77,0.78,4.43,0.51,2.66,0.32,1.33,61.5,5.31,53.14,2.21,70.85,69.12,0.89,0.62,65.6,,,,,,
,,,,,,,,,,,,,,,,,,,,,,,,,,,,,,,
players,Keon,Ellis,SG,25,196,175,5,69,0.89,1.33,0.74,3.99,0.44,3.1,0.33,0.71,57.4,3.1,61.99,2.21,66.42,72.58,1.33,0.53,65.6,,,,,,
,,,,,,,,,,,,,,,,,,,,,,,,,,,,,,,
players,Craig,Porter Jr.,PG,24,188,180,5,69,1.77,1.77,0.69,4.87,0.44,2.21,0.29,0.44,55.8,2.66,66.42,3.54,69.12,72.58,0.89,0.17,65.6,,,,,,
,,,,,,,,,,,,,,,,,,,,,,,,,,,,,,,
players,Thomas,Bryant,C,27,208,248,5,69,0.89,2.66,0.69,6.64,0.51,1.33,0.28,2.21,59.0,5.76,48.71,1.33,61.99,70.85,0.53,0.89,65.6,,,,,,
,,,,,,,,,,,,,,,,,,,,,,,,,,,,,,,
players,Dean,Wade,PF,27,206,228,5,69,0.89,1.77,0.74,4.43,0.46,3.1,0.33,1.33,57.4,4.87,53.14,1.77,66.42,70.85,0.71,0.53,65.6,,,,,,
,,,,,,,,,,,,,,,,,,,,,,,,,,,,,,,
,,,,,,,,,,,,,,,,,,,,,,,,,,,,,,,
,,,,,,,,,,,,,,,,,,,,,,,,,,,,,,,
,,,,,,,,,,,,,,,,,,,,,,,,,,,,,,,
,,,,,,,,,,,,,,,,,,,,,,,,,,,,,,,
players,Kyrie,Irving,PG,33,188,195,6,69,2.66,4.87,0.83,8.41,0.46,6.2,0.36,0.44,75.4,3.99,75.28,5.31,79.7,79.7,1.06,0.27,69.7,SP,,,,,,
,,,,,,,,,,,,,,,,,,,,,,,,,,,,,,,
players,Khris,Middleton,SF,33,201,222,6,69,1.77,3.99,0.81,6.64,0.44,4.87,0.35,0.71,69.7,4.43,61.99,3.99,75.28,75.28,0.89,0.27,67.2,,,,,,
,,,,,,,,,,,,,,,,,,,,,,,,,,,,,,,
players,Daniel,Gafford,C,26,208,234,6,83,0.97,3.89,0.63,8.26,0.68,0.0,0.0,3.4,70.2,7.78,63.18,1.46,68.04,82.62,0.78,1.75,76.5,,,,,,
,,,,,,,,,,,,,,,,,,,,,,,,,,,,,,,
players,Dereck,Lively II,C,21,216,230,6,83,0.9,3.13,0.55,6.71,0.63,0.18,0.18,3.13,62.1,7.6,58.1,1.79,67.07,82.3,0.71,1.52,70.4,,,,,,
,,,,,,,,,,,,,,,,,,,,,,,,,,,,,,,
players,Cooper,Flagg,PF,18,206,205,6,69,1.63,3.26,0.69,6.92,0.48,3.66,0.32,1.63,64.1,6.11,61.13,2.85,69.23,80.68,1.22,0.98,64.1,R,,,,,,
,,,,,,,,,,,,,,,,,,,,,,,,,,,,,,,
players,Caleb,Martin,SF,29,196,205,6,69,0.89,2.66,0.74,5.76,0.46,3.1,0.32,1.33,61.5,4.87,61.99,2.21,69.12,70.85,0.97,0.53,67.2,,,,,,
,,,,,,,,,,,,,,,,,,,,,,,,,,,,,,,
players,Naji,Marshall,SF,27,201,220,6,69,0.89,2.66,0.72,5.31,0.46,2.21,0.31,1.6,57.4,4.87,61.99,2.66,69.12,72.58,1.06,0.44,67.2,,,,,,
,,,,,,,,,,,,,,,,,,,,,,,,,,,,,,,
players,Max,Christie,SG,22,198,190,6,69,1.63,1.63,0.74,4.48,0.42,3.66,0.33,0.65,52.8,2.85,57.02,2.04,63.5,71.71,0.81,0.41,60.4,,,,,,
,,,,,,,,,,,,,,,,,,,,,,,,,,,,,,,
players,Klay,Thompson,SF,34,196,215,6,69,1.24,1.77,0.75,3.63,0.42,6.81,0.35,0.53,57.4,2.48,75.28,1.77,66.42,69.98,0.8,0.36,69.7,HF,,,,,
,,,,,,,,,,,,,,,,,,,,,,,,,,,,,,,
players,AJ,Johnson,PG,20,196,180,6,50,1.32,1.66,0.69,3.64,0.41,2.98,0.31,0.33,47.7,1.99,53.0,2.98,53.0,60.9,0.66,0.13,53.0,,,,,,
,,,,,,,,,,,,,,,,,,,,,,,,,,,,,,,
players,Ryan,Nembhard,PG,22,183,180,6,69,1.63,1.63,0.74,4.48,0.44,2.04,0.32,0.41,52.8,2.44,61.13,4.07,69.23,73.33,0.98,0.16,60.4,,,,,,
,,,,,,,,,,,,,,,,,,,,,,,,,,,,,,,
players,Marvin,Bagley III,PF,26,208,235,6,69,0.89,3.1,0.64,6.64,0.48,1.33,0.28,1.77,59.0,5.76,53.14,1.33,61.99,66.42,0.62,0.71,65.6,,,,,,
,,,,,,,,,,,,,,,,,,,,,,,,,,,,,,,
,,,,,,,,,,,,,,,,,,,,,,,,,,,,,,,
,,,,,,,,,,,,,,,,,,,,,,,,,,,,,,,
,,,,,,,,,,,,,,,,,,,,,,,,,,,,,,,
,,,,,,,,,,,,,,,,,,,,,,,,,,,,,,,
players,Jamal,Murray,PG,28,190,215,7,69,1.77,3.99,0.81,7.97,0.44,5.76,0.35,0.44,72.2,3.54,70.85,5.76,77.98,79.7,1.06,0.27,69.7,IH,,,,,,
,,,,,,,,,,,,,,,,,,,,,,,,,,,,,,,
players,Aaron,Gordon,PF,29,203,235,7,83,1.94,3.89,0.73,8.26,0.53,2.43,0.32,1.94,76.5,7.29,68.04,3.4,77.76,82.62,0.87,0.78,76.5,SP,,,,,,
,,,,,,,,,,,,,,,,,,,,,,,,,,,,,,,
players,Cameron,Johnson,SF,28,203,210,7,69,0.89,2.21,0.78,6.2,0.44,5.76,0.36,0.89,65.6,3.99,61.99,2.21,70.85,75.28,0.71,0.36,67.2,,,,,,
,,,,,,,,,,,,,,,,,,,,,,,,,,,,,,,
players,Christian,Braun,SG,24,198,220,7,69,0.89,2.21,0.72,5.76,0.46,3.1,0.32,1.06,61.5,4.43,61.99,2.21,69.12,75.28,0.97,0.53,67.2,,,,,,
,,,,,,,,,,,,,,,,,,,,,,,,,,,,,,,
players,Bruce,Brown,SG,28,193,202,7,83,0.97,2.92,0.78,6.32,0.47,3.4,0.33,1.17,70.2,4.37,68.04,3.4,77.76,82.62,1.17,0.49,73.8,,,,,,
,,,,,,,,,,,,,,,,,,,,,,,,,,,,,,,
players,Tyus,Jones,PG,29,183,196,7,69,0.89,1.77,0.78,4.87,0.44,3.1,0.34,0.44,64.0,2.66,66.42,5.76,79.7,70.85,0.89,0.17,67.2,,,,,,
,,,,,,,,,,,,,,,,,,,,,,,,,,,,,,,
players,Jonas,Valanciunas,C,32,211,265,7,69,1.77,3.1,0.74,7.97,0.51,1.33,0.28,2.66,65.6,9.29,48.71,1.77,66.42,66.42,0.62,0.53,65.6,IH,,,,,,
,,,,,,,,,,,,,,,,,,,,,,,,,,,,,,,
players,Zeke,Nnaji,PF,24,206,240,7,69,1.77,1.77,0.64,5.31,0.46,2.21,0.29,1.77,57.4,4.87,53.14,1.33,66.42,75.28,0.71,0.53,65.6,,,,,,
,,,,,,,,,,,,,,,,,,,,,,,,,,,,,,,
players,Peyton,Watson,SF,22,203,200,7,83,1.79,1.79,0.64,4.91,0.44,2.24,0.28,1.61,58.0,4.03,62.64,1.79,69.77,80.46,1.07,0.9,67.9,,,,,,
,,,,,,,,,,,,,,,,,,,,,,,,,,,,,,,
players,Julian,Strawther,SG,23,198,205,7,69,1.77,2.21,0.74,5.31,0.42,4.87,0.34,0.71,61.5,3.1,61.99,1.77,69.12,75.28,0.8,0.27,65.6,,,,,,
,,,,,,,,,,,,,,,,,,,,,,,,,,,,,,,
players,Tim,Hardaway Jr.,SG,32,196,205,7,50,0.72,1.8,0.78,4.68,0.4,5.04,0.33,0.36,54.0,2.16,46.8,1.44,54.0,54.0,0.43,0.14,56.2,,,,,,
,,,,,,,,,,,,,,,,,,,,,,,,,,,,,,,
players,Nikola,Jokic,C,30,211,284,7,69,2.66,5.76,0.75,9.72,0.53,3.54,0.33,2.66,77.9,10.58,61.99,8.41,84.13,84.13,1.16,0.71,73.8,HF,,,,,,
,,,,,,,,,,,,,,,,,,,,,,,,,,,,,,,
,,,,,,,,,,,,,,,,,,,,,,,,,,,,,,,
,,,,,,,,,,,,,,,,,,,,,,,,,,,,,,,
,,,,,,,,,,,,,,,,,,,,,,,,,,,,,,,
,,,,,,,,,,,,,,,,,,,,,,,,,,,,,,,
players,Cade,Cunningham,PG,23,198,220,8,69,2.66,4.87,0.78,7.97,0.43,3.99,0.32,0.71,69.7,4.87,70.85,6.2,77.98,81.43,1.06,0.36,69.7,SP,,,,,,
,,,,,,,,,,,,,,,,,,,,,,,,,,,,,,,
players,Ausar,Thompson,SF,21,201,215,8,83,1.79,3.13,0.64,5.81,0.46,2.24,0.28,2.24,66.2,6.26,67.07,3.13,71.5,85.0,1.34,0.9,70.4,SP,,,,,,
,,,,,,,,,,,,,,,,,,,,,,,,,,,,,,,
players,Jalen,Duren,C,21,208,250,8,83,1.79,3.13,0.6,7.6,0.6,0.0,0.0,3.13,66.2,9.4,53.68,1.79,67.07,80.46,0.81,1.34,70.4,,,,,,
,,,,,,,,,,,,,,,,,,,,,,,,,,,,,,,
players,Tobias,Harris,PF,32,203,226,8,69,1.77,3.1,0.78,6.64,0.46,3.54,0.33,1.33,65.6,5.31,57.56,2.66,70.85,66.42,0.62,0.44,65.6,,,,,,
,,,,,,,,,,,,,,,,,,,,,,,,,,,,,,,
players,Kevin,Huerter,SG,26,201,198,8,50,0.72,1.8,0.74,4.68,0.41,4.68,0.34,0.36,56.2,2.52,50.4,2.16,57.6,57.6,0.58,0.22,57.6,,,,,,
,,,,,,,,,,,,,,,,,,,,,,,,,,,,,,,
players,Caris,LeVert,SG,30,198,205,8,69,1.77,3.1,0.74,6.2,0.41,3.54,0.31,0.71,65.6,3.54,66.42,3.54,70.85,69.12,0.89,0.27,65.6,,,,,,
,,,,,,,,,,,,,,,,,,,,,,,,,,,,,,,
players,Isaiah,Stewart,PF,23,203,250,8,83,1.94,2.92,0.68,6.8,0.48,2.92,0.33,2.43,67.5,7.29,58.32,1.94,72.9,82.62,0.78,0.87,73.8,,,,,,
,,,,,,,,,,,,,,,,,,,,,,,,,,,,,,,
players,Marcus,Sasser,PG,24,188,195,8,69,1.77,2.21,0.78,5.31,0.42,4.87,0.33,0.44,64.0,2.66,66.42,3.99,70.85,75.28,0.89,0.17,65.6,,,,,,
,,,,,,,,,,,,,,,,,,,,,,,,,,,,,,,
players,Paul,Reed,PF,25,206,210,8,69,0.89,2.21,0.64,5.31,0.46,1.33,0.28,2.21,59.0,6.64,53.14,1.77,66.42,70.85,0.89,0.89,65.6,,,,,,
,,,,,,,,,,,,,,,,,,,,,,,,,,,,,,,
players,Wendell,Moore Jr.,SG,23,196,215,8,69,1.77,1.77,0.69,4.43,0.44,3.1,0.31,0.89,55.8,3.54,61.99,1.77,66.42,75.28,0.8,0.44,64.0,,,,,,
,,,,,,,,,,,,,,,,,,,,,,,,,,,,,,,
players,Ronald,Holland II,SF,19,203,200,8,69,1.63,2.44,0.64,5.29,0.44,2.44,0.29,1.47,56.6,4.48,61.13,2.04,63.5,77.44,0.98,0.65,60.4,,,,,,
,,,,,,,,,,,,,,,,,,,,,,,,,,,,,,,
players,Duncan,Robinson,SG,30,201,215,8,50,0.72,1.44,0.83,3.24,0.41,5.4,0.37,0.36,54.0,1.8,43.2,1.44,54.0,54.0,0.43,0.14,56.2,EX,,,,,,
,,,,,,,,,,,,,,,,,,,,,,,,,,,,,,,
,,,,,,,,,,,,,,,,,,,,,,,,,,,,,,,
,,,,,,,,,,,,,,,,,,,,,,,,,,,,,,,
,,,,,,,,,,,,,,,,,,,,,,,,,,,,,,,
,,,,,,,,,,,,,,,,,,,,,,,,,,,,,,,
players,Stephen,Curry,PG,37,188,185,9,69,3.54,5.31,0.85,9.29,0.44,9.72,0.39,0.44,77.9,3.99,79.7,6.64,81.43,79.7,1.33,0.17,72.2,HF,,,,,,
,,,,,,,,,,,,,,,,,,,,,,,,,,,,,,,
players,Jimmy,Butler III,SF,35,201,230,9,83,2.92,6.32,0.82,8.75,0.5,2.43,0.32,1.94,79.2,6.32,82.62,5.35,87.48,82.62,1.75,0.49,79.2,HF,,,,,,
,,,,,,,,,,,,,,,,,,,,,,,,,,,,,,,
players,Kristaps,Porzingis,C,29,221,240,9,69,1.77,3.99,0.75,8.41,0.44,5.31,0.34,2.66,69.7,7.53,57.56,2.21,70.85,70.85,0.71,1.6,69.7,IH,,,,,,
,,,,,,,,,,,,,,,,,,,,,,,,,,,,,,,
players,Draymond,Green,PF,35,198,230,9,93,4.15,2.59,0.73,6.22,0.48,2.59,0.29,2.07,72.0,7.78,88.13,7.78,93.31,77.76,1.56,1.04,81.6,HF,,,,,,
,,,,,,,,,,,,,,,,,,,,,,,,,,,,,,,
players,Al,Horford,C,39,206,240,9,69,3.54,2.66,0.74,5.76,0.46,4.43,0.34,2.21,64.0,5.76,61.99,2.66,70.85,61.99,0.62,1.06,65.6,IH,,,,,,
,,,,,,,,,,,,,,,,,,,,,,,,,,,,,,,
players,Moses,Moody,SG,22,196,205,9,69,1.63,1.63,0.74,4.48,0.42,4.48,0.33,0.65,54.3,2.85,57.02,1.63,61.13,69.23,0.65,0.25,60.4,,,,,,
,,,,,,,,,,,,,,,,,,,,,,,,,,,,,,,
players,Brandin,Podziemski,PG,22,193,205,9,69,1.63,2.04,0.74,5.29,0.42,3.66,0.33,0.65,56.6,4.48,61.13,3.66,65.23,69.23,0.81,0.25,61.9,,,,,,
,,,,,,,,,,,,,,,,,,,,,,,,,,,,,,,
players,De'Anthony,Melton,SG,27,191,200,9,83,0.97,1.94,0.78,5.35,0.45,4.37,0.35,0.97,67.5,4.37,72.9,2.92,77.76,77.76,1.46,0.49,73.8,,,,,,
,,,,,,,,,,,,,,,,,,,,,,,,,,,,,,,
players,Gary,Payton II,SG,32,191,195,9,83,0.97,1.46,0.68,3.89,0.48,1.46,0.29,1.46,63.0,3.4,68.04,1.94,72.9,72.9,1.46,0.58,72.0,,,,,,
,,,,,,,,,,,,,,,,,,,,,,,,,,,,,,,
players,Seth,Curry,SG,34,185,185,9,50,1.44,1.44,0.83,3.24,0.41,5.04,0.37,0.36,57.6,1.8,46.8,1.8,54.0,54.0,0.43,0.07,56.2,,,,,,
,,,,,,,,,,,,,,,,,,,,,,,,,,,,,,,
players,Gui,Santos,SF,22,203,210,9,69,1.63,1.63,0.64,4.48,0.44,2.04,0.29,1.22,52.8,3.66,57.02,1.63,61.13,69.23,0.73,0.41,60.4,,,,,,
,,,,,,,,,,,,,,,,,,,,,,,,,,,,,,,
players,Quinten,Post,C,24,213,235,9,50,1.44,1.44,0.69,4.68,0.46,1.8,0.32,1.44,50.4,4.32,43.2,1.08,54.0,61.2,0.5,0.65,57.6,,,,,,
,,,,,,,,,,,,,,,,,,,,,,,,,,,,,,,
,,,,,,,,,,,,,,,,,,,,,,,,,,,,,,,
,,,,,,,,,,,,,,,,,,,,,,,,,,,,,,,
,,,,,,,,,,,,,,,,,,,,,,,,,,,,,,,
,,,,,,,,,,,,,,,,,,,,,,,,,,,,,,,
players,Kevin,Durant,SF,37,208,240,10,69,3.54,6.2,0.81,10.15,0.51,5.76,0.37,1.33,77.9,6.2,66.42,4.43,75.28,79.7,0.89,1.06,73.8,HF,,,,,,
,,,,,,,,,,,,,,,,,,,,,,,,,,,,,,,
players,Alperen,Sengun,C,23,211,243,10,69,1.77,4.43,0.69,8.86,0.51,0.89,0.23,2.21,72.2,8.41,66.42,4.87,75.28,81.43,1.06,0.71,72.2,IH,,,,,,
,,,,,,,,,,,,,,,,,,,,,,,,,,,,,,,
players,Fred,VanVleet,PG,31,183,197,10,69,1.77,3.1,0.81,6.2,0.41,5.76,0.34,0.44,67.2,3.1,70.85,5.76,77.98,70.85,1.33,0.27,69.7,,,,,,
,,,,,,,,,,,,,,,,,,,,,,,,,,,,,,,
players,Amen,Thompson,SG,22,201,210,10,83,1.79,3.57,0.64,7.15,0.46,2.24,0.28,2.24,67.9,6.71,76.03,4.03,73.33,85.0,1.34,0.71,70.4,SP,,,,,,
,,,,,,,,,,,,,,,,,,,,,,,,,,,,,,,
players,Jabari,Smith Jr.,PF,22,211,220,10,69,1.63,2.85,0.72,6.11,0.44,3.66,0.33,1.63,60.4,5.7,57.02,2.04,65.23,74.95,0.73,0.81,64.1,,,,,,
,,,,,,,,,,,,,,,,,,,,,,,,,,,,,,,
players,Clint,Capela,C,31,208,240,10,83,1.94,2.92,0.58,7.29,0.63,0.0,0.0,3.4,67.5,10.26,53.46,1.46,68.04,77.76,0.78,1.46,73.8,,,,,,
,,,,,,,,,,,,,,,,,,,,,,,,,,,,,,,
players,Steven,Adams,C,32,211,265,10,83,2.92,2.43,0.58,6.32,0.58,0.0,0.0,3.4,63.0,10.69,58.32,2.43,68.04,72.9,0.78,0.97,72.0,,,,,,
,,,,,,,,,,,,,,,,,,,,,,,,,,,,,,,
players,Tari,Eason,SF,24,203,215,10,83,1.94,2.92,0.73,6.32,0.48,2.43,0.32,1.94,67.5,5.83,72.9,2.43,75.82,87.48,1.46,0.97,76.5,,,,,,
,,,,,,,,,,,,,,,,,,,,,,,,,,,,,,,
players,Dorian,Finney-Smith,SF,31,201,220,10,83,1.94,2.43,0.78,5.35,0.44,5.35,0.35,1.46,67.5,4.86,63.18,1.94,72.9,77.76,1.17,0.78,73.8,,,,,,
,,,,,,,,,,,,,,,,,,,,,,,,,,,,,,,
players,Reed,Sheppard,PG,20,191,182,10,69,1.63,2.04,0.81,5.29,0.42,4.48,0.35,0.41,60.4,2.44,65.23,3.66,69.23,77.44,1.22,0.16,61.9,EX,,,,,,
,,,,,,,,,,,,,,,,,,,,,,,,,,,,,,,
players,Aaron,Holiday,PG,28,183,185,10,50,0.72,1.44,0.78,3.6,0.42,3.24,0.35,0.36,54.0,1.8,54.0,2.52,57.6,56.2,0.72,0.14,57.6,,,,,,
,,,,,,,,,,,,,,,,,,,,,,,,,,,,,,,
players,Josh,Okogie,SG,26,193,213,10,83,0.97,1.94,0.73,4.37,0.44,2.43,0.31,1.46,63.0,4.37,72.9,1.94,72.9,82.62,1.46,0.49,72.0,,,,,,
,,,,,,,,,,,,,,,,,,,,,,,,,,,,,,,
,,,,,,,,,,,,,,,,,,,,,,,,,,,,,,,
,,,,,,,,,,,,,,,,,,,,,,,,,,,,,,,
,,,,,,,,,,,,,,,,,,,,,,,,,,,,,,,
,,,,,,,,,,,,,,,,,,,,,,,,,,,,,,,
players,Tyrese,Haliburton,PG,25,196,185,11,69,1.77,3.54,0.83,7.53,0.46,5.76,0.37,0.44,73.8,3.54,70.85,9.72,84.13,84.13,1.33,0.44,72.2,SP,,,,,,
,,,,,,,,,,,,,,,,,,,,,,,,,,,,,,,
players,Pascal,Siakam,PF,31,203,245,11,69,2.66,4.87,0.69,8.41,0.48,1.77,0.3,1.77,72.2,6.64,61.99,3.99,75.28,75.28,0.89,0.71,69.7,,,,,,
,,,,,,,,,,,,,,,,,,,,,,,,,,,,,,,
players,Obi,Toppin,PF,27,206,220,11,69,1.77,3.1,0.69,6.64,0.51,3.1,0.32,1.33,64.0,5.76,57.56,2.21,69.12,72.58,0.8,0.62,67.2,,,,,,
,,,,,,,,,,,,,,,,,,,,,,,,,,,,,,,
players,Jarace,Walker,PF,21,203,235,11,69,1.63,2.44,0.64,5.29,0.44,2.85,0.31,1.63,56.6,5.7,57.02,2.04,65.23,74.95,0.81,0.65,61.9,,,,,,
,,,,,,,,,,,,,,,,,,,,,,,,,,,,,,,
players,Aaron,Nesmith,SF,25,198,215,11,69,0.89,2.21,0.78,5.76,0.44,4.87,0.34,0.89,64.0,4.43,61.99,2.21,69.12,75.28,0.89,0.44,67.2,EX,,,,,,
,,,,,,,,,,,,,,,,,,,,,,,,,,,,,,,
players,Andrew,Nembhard,PG,25,196,190,11,69,1.77,2.21,0.74,5.31,0.44,2.66,0.32,0.44,61.5,3.1,66.42,4.87,75.28,75.28,0.89,0.27,67.2,,,,,,
,,,,,,,,,,,,,,,,,,,,,,,,,,,,,,,
players,T.J.,McConnell,PG,33,185,190,11,69,2.66,2.21,0.74,4.87,0.46,0.89,0.28,0.44,61.5,2.66,70.85,5.76,79.7,66.42,1.06,0.17,65.6,,,,,,
,,,,,,,,,,,,,,,,,,,,,,,,,,,,,,,
players,Ben,Sheppard,SG,24,198,200,11,69,0.89,1.77,0.74,4.87,0.44,3.99,0.34,0.44,61.5,3.1,61.99,1.77,66.42,72.58,0.71,0.27,65.6,,,,,,
,,,,,,,,,,,,,,,,,,,,,,,,,,,,,,,
players,Kobe,Brown,SF,25,201,250,11,69,0.89,1.77,0.69,4.43,0.44,2.21,0.31,1.33,57.4,4.87,57.56,1.77,66.42,70.85,0.71,0.53,65.6,,,,,,
,,,,,,,,,,,,,,,,,,,,,,,,,,,,,,,
players,Johnny,Furphy,SF,20,206,200,11,69,1.63,1.63,0.69,4.48,0.42,3.66,0.32,0.81,52.8,3.26,57.02,1.63,63.5,73.33,0.65,0.32,60.4,,,,,,
,,,,,,,,,,,,,,,,,,,,,,,,,,,,,,,
players,Ivica,Zubac,C,28,213,240,11,69,1.77,2.66,0.64,7.53,0.55,0.44,0.18,2.66,65.6,8.41,53.14,1.77,66.42,75.28,0.71,1.33,69.7,IH,,,,,,
,,,,,,,,,,,,,,,,,,,,,,,,,,,,,,,
players,Jay,Huff,C,26,216,240,11,69,1.77,2.21,0.69,5.76,0.46,2.21,0.32,2.21,61.5,5.76,53.14,1.33,66.42,75.28,0.62,1.06,65.6,,,,,,
,,,,,,,,,,,,,,,,,,,,,,,,,,,,,,,
,,,,,,,,,,,,,,,,,,,,,,,,,,,,,,,
,,,,,,,,,,,,,,,,,,,,,,,,,,,,,,,
,,,,,,,,,,,,,,,,,,,,,,,,,,,,,,,
,,,,,,,,,,,,,,,,,,,,,,,,,,,,,,,
players,Kawhi,Leonard,SF,33,201,225,12,83,2.92,5.83,0.82,9.72,0.5,4.37,0.37,1.46,81.0,6.32,82.62,4.37,82.62,82.62,1.75,0.68,79.2,HF,,,,,,
,,,,,,,,,,,,,,,,,,,,,,,,,,,,,,,
players,Bradley,Beal,SG,32,193,207,12,69,2.66,4.43,0.78,7.97,0.44,4.87,0.34,0.44,69.7,3.54,70.85,4.87,75.28,75.28,1.06,0.27,69.7,,,,,,
,,,,,,,,,,,,,,,,,,,,,,,,,,,,,,,
players,Darius,Garland,PG,25,185,192,12,69,1.77,3.54,0.81,7.53,0.43,5.76,0.35,0.44,72.2,3.1,70.85,6.64,79.7,79.7,1.06,0.17,69.7,,,,,,
,,,,,,,,,,,,,,,,,,,,,,,,,,,,,,,
players,Brook,Lopez,C,37,216,282,12,69,3.54,3.54,0.74,6.64,0.46,3.99,0.32,3.1,69.7,5.76,48.71,1.77,66.42,61.99,0.53,1.77,67.2,,,,,,
,,,,,,,,,,,,,,,,,,,,,,,,,,,,,,,
players,John,Collins,PF,27,206,226,12,69,1.77,3.99,0.69,7.53,0.48,2.66,0.31,1.77,65.6,6.64,57.56,1.77,66.42,75.28,0.71,0.89,67.2,,,,,,
,,,,,,,,,,,,,,,,,,,,,,,,,,,,,,,
players,Bogdan,Bogdanovic,SG,32,196,225,12,50,2.16,2.52,0.78,5.4,0.42,4.68,0.35,0.36,59.0,2.52,54.0,2.52,57.6,57.6,0.58,0.14,59.0,IH,,,,,,
,,,,,,,,,,,,,,,,,,,,,,,,,,,,,,,
players,Kris,Dunn,PG,30,190,205,12,83,0.97,1.94,0.73,4.86,0.47,1.94,0.31,0.97,63.0,3.89,77.76,4.37,77.76,75.82,1.46,0.49,72.0,,,,,,
,,,,,,,,,,,,,,,,,,,,,,,,,,,,,,,
players,Derrick,Jones Jr.,SF,28,198,210,12,83,0.97,2.43,0.68,6.32,0.48,2.43,0.29,1.46,67.5,5.35,68.04,1.94,72.9,77.76,0.97,0.78,72.0,,,,,,
,,,,,,,,,,,,,,,,,,,,,,,,,,,,,,,
players,Nicolas,Batum,SF,36,203,230,12,69,3.54,1.77,0.74,4.43,0.44,3.99,0.35,1.33,61.5,3.99,61.99,2.66,75.28,66.42,0.71,0.53,65.6,IH,,,,,,
,,,,,,,,,,,,,,,,,,,,,,,,,,,,,,,
players,Jordan,Miller,SG,25,198,205,12,69,1.77,1.77,0.69,4.87,0.44,3.1,0.31,0.89,57.4,3.54,61.99,1.77,66.42,75.28,0.71,0.44,65.6,,,,,,
,,,,,,,,,,,,,,,,,,,,,,,,,,,,,,,
players,Isaiah,Jackson,PF,23,208,205,12,83,1.94,2.43,0.63,6.32,0.53,0.49,0.19,2.43,67.5,6.32,63.18,1.46,72.9,87.48,0.97,1.17,73.8,,,,,,
,,,,,,,,,,,,,,,,,,,,,,,,,,,,,,,
players,Bennedict,Mathurin,SG,22,198,210,12,69,1.63,3.66,0.72,6.52,0.44,3.66,0.31,0.65,61.9,3.66,65.23,2.04,61.13,73.33,0.81,0.25,61.9,EX,,,,,,
,,,,,,,,,,,,,,,,,,,,,,,,,,,,,,,
,,,,,,,,,,,,,,,,,,,,,,,,,,,,,,,
,,,,,,,,,,,,,,,,,,,,,,,,,,,,,,,
,,,,,,,,,,,,,,,,,,,,,,,,,,,,,,,
,,,,,,,,,,,,,,,,,,,,,,,,,,,,,,,
players,Luka,Doncic,PG,26,201,230,13,69,2.66,5.76,0.78,9.29,0.45,7.53,0.34,0.44,77.9,7.53,75.28,8.41,84.13,81.43,1.33,0.44,73.8,SP,,,,,,
,,,,,,,,,,,,,,,,,,,,,,,,,,,,,,,
players,LeBron,James,SF,40,206,250,13,69,4.43,5.31,0.69,8.41,0.46,3.99,0.32,1.77,73.8,6.64,70.85,7.08,79.7,66.42,0.89,0.71,72.2,HF,,,,,,
,,,,,,,,,,,,,,,,,,,,,,,,,,,,,,,
players,Deandre,Ayton,C,26,213,250,13,69,1.77,3.99,0.69,7.97,0.51,0.44,0.18,2.66,67.2,9.29,57.56,1.77,66.42,75.28,0.71,1.06,69.7,,,,,,
,,,,,,,,,,,,,,,,,,,,,,,,,,,,,,,
players,Austin,Reaves,SG,27,196,197,13,69,1.77,3.54,0.78,6.64,0.44,5.31,0.34,0.44,69.7,3.54,70.85,4.87,75.28,77.98,0.89,0.27,69.7,EX,,,,,,
,,,,,,,,,,,,,,,,,,,,,,,,,,,,,,,
players,Marcus,Smart,PG,31,191,220,13,83,1.94,2.92,0.78,5.83,0.44,3.89,0.33,0.97,70.2,4.37,77.76,5.35,82.62,77.76,1.46,0.49,76.5,,,,,,
,,,,,,,,,,,,,,,,,,,,,,,,,,,,,,,
players,Rui,Hachimura,PF,27,203,230,13,69,1.77,3.1,0.74,6.64,0.48,3.1,0.31,1.33,65.6,4.87,57.56,1.77,66.42,75.28,0.71,0.44,67.2,IH,,,,,,
,,,,,,,,,,,,,,,,,,,,,,,,,,,,,,,
players,Jarred,Vanderbilt,PF,26,206,214,13,83,1.94,1.94,0.63,5.35,0.5,0.97,0.24,1.94,63.0,7.29,77.76,1.94,72.9,82.62,1.17,0.78,73.8,,,,,,
,,,,,,,,,,,,,,,,,,,,,,,,,,,,,,,
players,Luke,Kennard,SG,29,196,206,13,50,1.44,1.44,0.83,3.96,0.42,5.4,0.39,0.36,59.0,2.16,46.8,1.8,54.0,57.6,0.43,0.14,57.6,,,,,,
,,,,,,,,,,,,,,,,,,,,,,,,,,,,,,,
players,Maxi,Kleber,PF,33,208,240,13,69,2.66,1.77,0.74,4.43,0.44,3.99,0.32,1.77,61.5,4.87,53.14,1.77,66.42,66.42,0.62,0.71,65.6,,,,,,
,,,,,,,,,,,,,,,,,,,,,,,,,,,,,,,
players,Jaxson,Hayes,C,25,213,220,13,69,1.77,2.21,0.6,5.76,0.55,0.0,0.0,2.21,61.5,5.76,53.14,1.33,66.42,75.28,0.71,1.06,65.6,,,,,,
,,,,,,,,,,,,,,,,,,,,,,,,,,,,,,,
players,Dalton,Knecht,SG,23,198,215,13,69,1.77,2.66,0.78,6.2,0.42,5.76,0.35,0.44,67.2,3.1,66.42,2.21,69.12,75.28,0.71,0.27,65.6,,,,,,
,,,,,,,,,,,,,,,,,,,,,,,,,,,,,,,
players,Bronny,James,PG,20,191,190,13,50,1.32,1.32,0.69,3.31,0.41,2.32,0.31,0.33,46.4,1.99,49.7,2.32,51.7,59.6,0.53,0.13,51.7,,,,,,
,,,,,,,,,,,,,,,,,,,,,,,,,,,,,,,
,,,,,,,,,,,,,,,,,,,,,,,,,,,,,,,
,,,,,,,,,,,,,,,,,,,,,,,,,,,,,,,
,,,,,,,,,,,,,,,,,,,,,,,,,,,,,,,
,,,,,,,,,,,,,,,,,,,,,,,,,,,,,,,
players,Ja,Morant,PG,25,188,174,14,69,1.77,5.31,0.74,9.29,0.45,3.1,0.3,0.44,75.4,4.43,75.28,7.08,79.7,81.43,1.06,0.27,72.2,SP,,,,,,
,,,,,,,,,,,,,,,,,,,,,,,,,,,,,,,
players,Zach,Edey,C,22,224,285,14,69,1.63,2.85,0.64,7.33,0.55,0.41,0.18,2.85,61.9,9.4,48.92,1.22,61.13,73.33,0.65,1.22,64.1,,,,,,
,,,,,,,,,,,,,,,,,,,,,,,,,,,,,,,
players,Santi,Aldama,PF,24,211,215,14,69,1.77,2.66,0.69,6.64,0.46,3.99,0.32,1.33,65.6,5.76,61.99,2.21,70.85,75.28,0.71,0.62,67.2,,,,,,
,,,,,,,,,,,,,,,,,,,,,,,,,,,,,,,
players,Brandon,Clarke,PF,28,203,215,14,69,1.77,3.1,0.69,6.2,0.55,0.0,0.0,2.21,61.5,5.76,61.99,1.77,66.42,70.85,0.71,0.89,67.2,,,,,,
,,,,,,,,,,,,,,,,,,,,,,,,,,,,,,,
players,GG,Jackson,SF,20,206,215,14,69,1.63,2.85,0.69,6.52,0.44,3.66,0.31,1.22,60.4,4.07,61.13,2.04,63.5,74.95,0.73,0.49,61.9,,,,,,
,,,,,,,,,,,,,,,,,,,,,,,,,,,,,,,
players,Kentavious,Caldwell-Pope,SG,32,196,204,14,69,2.66,2.21,0.78,4.87,0.42,4.87,0.35,0.71,65.6,3.1,66.42,1.77,66.42,66.42,1.06,0.36,67.2,,,,,,
,,,,,,,,,,,,,,,,,,,,,,,,,,,,,,,
players,Ty,Jerome,PG,28,196,195,14,50,1.44,1.8,0.78,4.32,0.44,3.24,0.34,0.36,56.2,2.16,54.0,3.24,57.6,57.6,0.58,0.14,57.6,,,,,,
,,,,,,,,,,,,,,,,,,,,,,,,,,,,,,,
players,Scotty,Pippen Jr.,PG,24,188,191,14,69,1.77,2.21,0.74,5.31,0.44,3.1,0.32,0.44,61.5,2.66,66.42,3.99,70.85,75.28,0.89,0.17,65.6,,,,,,
,,,,,,,,,,,,,,,,,,,,,,,,,,,,,,,
players,Jaylen,Wells,SG,21,196,200,14,69,1.63,2.04,0.69,4.89,0.42,3.66,0.31,0.65,56.6,3.26,61.13,1.63,63.5,73.33,0.65,0.32,60.4,,,,,,
,,,,,,,,,,,,,,,,,,,,,,,,,,,,,,,
players,Jordan,Clarke,SG,22,196,200,14,69,1.63,1.63,0.69,4.48,0.42,3.26,0.31,0.65,52.8,3.26,57.02,1.63,63.5,73.33,0.65,0.25,58.8,,,,,,
,,,,,,,,,,,,,,,,,,,,,,,,,,,,,,,
players,Taylor,Hendricks,PF,21,206,215,14,69,1.63,2.04,0.64,5.29,0.44,2.85,0.31,1.63,56.6,5.29,57.02,1.63,65.23,73.33,0.73,0.98,61.9,,,,,,
,,,,,,,,,,,,,,,,,,,,,,,,,,,,,,,
players,Dariq,Whitehead,SF,21,198,220,14,69,1.63,2.04,0.69,4.89,0.42,3.66,0.31,0.81,56.6,3.66,57.02,1.63,63.5,71.71,0.65,0.32,60.4,,,,,,
,,,,,,,,,,,,,,,,,,,,,,,,,,,,,,,
,,,,,,,,,,,,,,,,,,,,,,,,,,,,,,,
,,,,,,,,,,,,,,,,,,,,,,,,,,,,,,,
,,,,,,,,,,,,,,,,,,,,,,,,,,,,,,,
,,,,,,,,,,,,,,,,,,,,,,,,,,,,,,,
players,Bam,Adebayo,C,28,206,255,15,83,1.94,4.37,0.73,9.23,0.51,0.97,0.19,2.43,79.2,9.72,77.76,4.86,82.62,85.54,1.17,1.17,79.2,SP,,,,,,
,,,,,,,,,,,,,,,,,,,,,,,,,,,,,,,
players,Tyler,Herro,SG,26,196,195,15,69,1.77,3.99,0.81,7.53,0.42,6.64,0.35,0.44,69.7,4.43,70.85,3.99,75.28,77.98,0.71,0.17,69.7,EX,,,,,,
,,,,,,,,,,,,,,,,,,,,,,,,,,,,,,,
players,Andrew,Wiggins,SF,30,201,222,15,69,1.77,3.99,0.69,7.08,0.44,3.99,0.32,1.33,67.2,4.87,61.99,2.21,66.42,70.85,0.89,0.71,67.2,,,,,,
,,,,,,,,,,,,,,,,,,,,,,,,,,,,,,,
players,Norman,Powell,SG,32,193,215,15,69,1.77,3.99,0.78,7.53,0.44,4.87,0.36,0.44,69.7,3.1,66.42,2.21,70.85,70.85,0.71,0.17,67.2,EX,,,,,,
,,,,,,,,,,,,,,,,,,,,,,,,,,,,,,,
players,Jaime,Jaquez Jr.,SF,24,198,225,15,69,1.77,3.1,0.69,6.2,0.46,2.21,0.28,1.33,65.6,4.87,61.99,2.66,69.12,75.28,0.89,0.53,67.2,,,,,,
,,,,,,,,,,,,,,,,,,,,,,,,,,,,,,,
players,Nikola,Jovic,PF,22,208,220,15,69,1.63,2.44,0.69,5.7,0.44,3.66,0.32,1.22,60.4,4.48,57.02,2.04,65.23,73.33,0.65,0.57,61.9,,,,,,
,,,,,,,,,,,,,,,,,,,,,,,,,,,,,,,
players,Simone,Fontecchio,SF,29,203,210,15,69,1.77,2.21,0.78,5.76,0.44,4.87,0.35,0.89,64.0,3.54,61.99,1.77,66.42,70.85,0.71,0.36,65.6,,,,,,
,,,,,,,,,,,,,,,,,,,,,,,,,,,,,,,
players,Davion,Mitchell,PG,27,183,205,15,83,1.94,1.94,0.73,5.35,0.45,3.4,0.34,0.49,67.5,2.92,77.76,4.37,77.76,77.76,1.46,0.29,72.0,,,,,,
,,,,,,,,,,,,,,,,,,,,,,,,,,,,,,,
players,Kel'el,Ware,C,21,213,230,15,69,1.63,2.44,0.6,6.11,0.51,0.81,0.23,2.44,56.6,6.92,52.92,1.22,61.13,73.33,0.65,1.22,61.9,,,,,,
,,,,,,,,,,,,,,,,,,,,,,,,,,,,,,,
players,Pelle,Larsson,SG,23,196,200,15,69,1.77,1.77,0.74,4.87,0.44,3.99,0.33,0.71,61.5,3.54,61.99,1.77,66.42,75.28,0.71,0.27,65.6,,,,,,
,,,,,,,,,,,,,,,,,,,,,,,,,,,,,,,
players,Dru,Smith,PG,27,188,190,15,69,1.77,1.77,0.74,4.87,0.42,3.1,0.32,0.44,61.5,2.66,66.42,3.99,70.85,70.85,0.89,0.17,65.6,,,,,,
,,,,,,,,,,,,,,,,,,,,,,,,,,,,,,,
players,Keshad,Johnson,SF,23,201,215,15,69,1.77,1.77,0.69,4.87,0.44,2.66,0.3,1.33,57.4,4.43,61.99,1.77,66.42,75.28,0.8,0.53,65.6,,,,,,
,,,,,,,,,,,,,,,,,,,,,,,,,,,,,,,
,,,,,,,,,,,,,,,,,,,,,,,,,,,,,,,
,,,,,,,,,,,,,,,,,,,,,,,,,,,,,,,
,,,,,,,,,,,,,,,,,,,,,,,,,,,,,,,
,,,,,,,,,,,,,,,,,,,,,,,,,,,,,,,
players,Giannis,Antetokounmpo,PF,30,211,243,16,93,3.11,8.29,0.68,12.42,0.58,1.04,0.19,3.11,91.2,11.45,88.13,6.22,93.31,98.5,1.24,1.56,88.3,HF,,,,,,
,,,,,,,,,,,,,,,,,,,,,,,,,,,,,,,
players,Myles,Turner,C,29,211,250,16,83,1.94,3.89,0.73,8.26,0.48,4.37,0.35,2.92,76.5,7.29,63.18,1.94,77.76,82.62,0.78,2.14,76.5,,,,,,
,,,,,,,,,,,,,,,,,,,,,,,,,,,,,,,
players,Kyle,Kuzma,PF,30,206,221,16,69,1.77,3.99,0.69,7.53,0.42,3.99,0.31,1.33,65.6,5.76,61.99,2.66,70.85,70.85,0.62,0.44,67.2,,,,,,
,,,,,,,,,,,,,,,,,,,,,,,,,,,,,,,
players,Bobby,Portis,PF,30,208,250,16,69,1.77,3.99,0.74,7.53,0.46,2.66,0.32,1.77,67.2,7.97,57.56,1.77,66.42,70.85,0.71,0.44,67.2,,,,,,
,,,,,,,,,,,,,,,,,,,,,,,,,,,,,,,
players,Kevin,Porter Jr.,PG,25,193,203,16,69,1.77,3.99,0.69,7.08,0.41,4.87,0.31,0.44,65.6,3.99,66.42,4.43,70.85,75.28,1.06,0.27,67.2,,,,,,
,,,,,,,,,,,,,,,,,,,,,,,,,,,,,,,
players,Taurean,Prince,SF,31,198,218,16,69,1.77,2.21,0.78,4.87,0.42,4.87,0.35,0.89,61.5,3.99,57.56,1.77,66.42,70.85,0.71,0.36,65.6,,,,,,
,,,,,,,,,,,,,,,,,,,,,,,,,,,,,,,
players,Andre,Jackson Jr.,SG,23,198,210,16,83,1.94,1.94,0.68,4.86,0.47,1.94,0.29,1.46,63.0,4.86,72.9,2.43,72.9,87.48,1.17,0.58,73.8,,,,,,
,,,,,,,,,,,,,,,,,,,,,,,,,,,,,,,
players,AJ,Green,SG,25,193,190,16,50,1.44,1.44,0.78,3.96,0.42,4.68,0.37,0.36,57.6,2.16,50.4,1.44,54.0,57.6,0.58,0.14,57.6,,,,,,
,,,,,,,,,,,,,,,,,,,,,,,,,,,,,,,
players,Gary,Trent Jr.,SG,26,196,209,16,50,1.44,2.16,0.74,4.68,0.41,4.32,0.35,0.36,57.6,2.52,50.4,1.44,54.0,57.6,0.86,0.22,59.0,,,,,,
,,,,,,,,,,,,,,,,,,,,,,,,,,,,,,,
players,Jericho,Sims,C,26,208,250,16,83,1.94,1.94,0.63,5.35,0.58,0.0,0.0,2.92,63.0,7.29,63.18,1.46,68.04,82.62,0.78,1.46,72.0,,,,,,
,,,,,,,,,,,,,,,,,,,,,,,,,,,,,,,
players,Gary,Harris,SG,30,193,210,16,69,1.77,1.77,0.78,4.87,0.42,3.99,0.34,0.71,61.5,3.1,61.99,1.77,66.42,66.42,0.89,0.27,65.6,,,,,,
,,,,,,,,,,,,,,,,,,,,,,,,,,,,,,,
players,Ousmane,Dieng,SF,22,206,210,16,69,1.63,1.63,0.69,4.48,0.42,2.85,0.31,1.22,52.8,4.07,57.02,1.63,61.13,73.33,0.65,0.49,60.4,,,,,,
,,,,,,,,,,,,,,,,,,,,,,,,,,,,,,,
,,,,,,,,,,,,,,,,,,,,,,,,,,,,,,,
,,,,,,,,,,,,,,,,,,,,,,,,,,,,,,,
,,,,,,,,,,,,,,,,,,,,,,,,,,,,,,,
,,,,,,,,,,,,,,,,,,,,,,,,,,,,,,,
players,Anthony,Edwards,SG,24,196,225,17,83,2.92,5.83,0.78,10.26,0.47,7.29,0.36,0.78,82.8,5.83,82.62,4.37,82.62,92.34,1.26,0.58,79.2,SP,,,,,,
,,,,,,,,,,,,,,,,,,,,,,,,,,,,,,,
players,Rudy,Gobert,C,32,216,258,17,83,2.92,2.92,0.63,7.29,0.63,0.0,0.0,3.4,72.0,11.66,63.18,1.46,72.9,72.9,0.78,2.14,81.0,IH,,,,,,
,,,,,,,,,,,,,,,,,,,,,,,,,,,,,,,
players,Julius,Randle,PF,30,203,250,17,69,2.66,4.87,0.69,8.41,0.43,3.1,0.3,1.77,69.7,7.53,61.99,3.54,70.85,70.85,0.62,0.44,69.7,,,,,,
,,,,,,,,,,,,,,,,,,,,,,,,,,,,,,,
players,Jaden,McDaniels,SF,24,206,185,17,83,1.94,2.92,0.73,6.8,0.48,3.4,0.33,1.46,72.0,5.35,77.76,2.43,75.82,89.42,1.17,0.97,76.5,EX,,,,,,
,,,,,,,,,,,,,,,,,,,,,,,,,,,,,,,
players,Naz,Reid,C,25,206,264,17,69,1.77,3.1,0.69,7.08,0.46,3.99,0.33,2.21,67.2,6.64,57.56,2.21,69.12,75.28,0.71,0.71,69.7,,,,,,
,,,,,,,,,,,,,,,,,,,,,,,,,,,,,,,
players,Donte,DiVincenzo,SG,28,193,203,17,69,1.77,2.66,0.78,5.76,0.41,5.76,0.35,0.71,67.2,3.99,66.42,3.1,70.85,75.28,1.16,0.27,67.2,,,,,,
,,,,,,,,,,,,,,,,,,,,,,,,,,,,,,,
players,Mike,Conley,PG,37,183,175,17,69,3.54,2.21,0.83,4.87,0.41,3.99,0.35,0.44,65.6,2.66,75.28,5.76,79.7,66.42,0.89,0.17,67.2,,,,,,
,,,,,,,,,,,,,,,,,,,,,,,,,,,,,,,
players,Kyle,Anderson,SF,31,206,230,17,83,1.94,2.43,0.68,5.35,0.48,1.46,0.29,1.94,67.5,5.83,77.76,4.37,82.62,72.9,0.97,0.78,73.8,,,,,,
,,,,,,,,,,,,,,,,,,,,,,,,,,,,,,,
players,Ayo,Dosunmu,SG,25,196,200,17,83,1.94,2.43,0.73,6.32,0.47,3.4,0.33,0.97,67.5,3.89,77.76,3.4,77.76,82.62,0.97,0.39,73.8,,,,,,
,,,,,,,,,,,,,,,,,,,,,,,,,,,,,,,
players,Bones,Hyland,PG,24,188,169,17,50,1.44,2.52,0.78,5.04,0.4,4.68,0.33,0.36,57.6,2.16,54.0,3.24,57.6,61.2,0.58,0.14,57.6,,,,,,
,,,,,,,,,,,,,,,,,,,,,,,,,,,,,,,
players,Joe,Ingles,SF,37,203,220,17,69,3.54,1.77,0.78,4.43,0.44,3.99,0.35,0.89,64.0,3.99,70.85,3.54,75.28,61.99,0.71,0.27,65.6,IH,,,,,,
,,,,,,,,,,,,,,,,,,,,,,,,,,,,,,,
players,Terrence,Shannon Jr.,SG,24,198,210,17,69,1.77,3.1,0.69,6.2,0.44,3.1,0.31,1.33,64.0,4.43,66.42,2.21,69.12,79.7,0.8,0.44,67.2,,,,,,
,,,,,,,,,,,,,,,,,,,,,,,,,,,,,,,
,,,,,,,,,,,,,,,,,,,,,,,,,,,,,,,
,,,,,,,,,,,,,,,,,,,,,,,,,,,,,,,
,,,,,,,,,,,,,,,,,,,,,,,,,,,,,,,
,,,,,,,,,,,,,,,,,,,,,,,,,,,,,,,
players,Zion,Williamson,PF,24,198,284,18,83,1.94,6.32,0.68,10.69,0.58,0.97,0.24,2.43,82.8,7.78,77.76,4.37,82.62,87.48,1.17,0.78,79.2,SP,,,,,,
,,,,,,,,,,,,,,,,,,,,,,,,,,,,,,,
players,Dejounte,Murray,PG,28,196,180,18,83,1.94,4.37,0.78,8.75,0.46,4.37,0.33,0.49,76.5,5.35,82.62,6.32,82.62,85.54,1.46,0.29,76.5,,,,,,
,,,,,,,,,,,,,,,,,,,,,,,,,,,,,,,
players,Jordan,Poole,SG,26,193,194,18,50,1.44,3.24,0.78,6.12,0.4,5.4,0.32,0.36,59.0,2.52,57.6,3.24,57.6,61.2,0.72,0.14,59.0,EX,,,,,,
,,,,,,,,,,,,,,,,,,,,,,,,,,,,,,,
players,Trey,Murphy III,SF,25,203,206,18,69,1.77,3.1,0.78,6.64,0.44,6.2,0.35,0.89,69.7,4.43,61.99,2.21,70.85,79.7,0.89,0.53,69.7,,,,,,
,,,,,,,,,,,,,,,,,,,,,,,,,,,,,,,
players,Herbert,Jones,SF,26,201,206,18,83,1.94,2.43,0.73,5.83,0.48,3.4,0.33,1.46,67.5,5.35,82.62,2.92,72.9,87.48,1.75,0.78,76.5,,,,,,
,,,,,,,,,,,,,,,,,,,,,,,,,,,,,,,
players,Saddiq,Bey,SF,25,201,215,18,69,1.77,2.66,0.74,6.2,0.41,5.76,0.33,0.89,65.6,4.87,61.99,1.77,66.42,75.28,0.71,0.36,67.2,,,,,,
,,,,,,,,,,,,,,,,,,,,,,,,,,,,,,,
players,Jordan,Hawkins,SG,23,196,190,18,69,1.77,2.21,0.78,5.76,0.42,5.76,0.35,0.44,65.6,2.66,61.99,1.77,66.42,79.7,0.71,0.17,65.6,,,,,,
,,,,,,,,,,,,,,,,,,,,,,,,,,,,,,,
players,Kevon,Looney,C,29,206,222,18,83,2.92,2.43,0.58,6.32,0.53,0.0,0.0,3.4,63.0,9.23,68.04,2.43,72.9,72.9,0.78,0.78,73.8,,,,,,
,,,,,,,,,,,,,,,,,,,,,,,,,,,,,,,
players,Yves,Missi,C,21,211,230,18,69,1.63,2.04,0.6,5.7,0.51,0.41,0.18,2.44,56.6,6.92,52.92,1.22,61.13,73.33,0.65,1.22,61.9,,,,,,
,,,,,,,,,,,,,,,,,,,,,,,,,,,,,,,
players,Karlo,Matkovic,PF,23,208,231,18,69,1.77,2.21,0.64,5.76,0.46,2.21,0.3,1.77,61.5,5.76,57.56,1.77,66.42,75.28,0.71,0.8,65.6,,,,,,
,,,,,,,,,,,,,,,,,,,,,,,,,,,,,,,
players,Bryce,McGowens,SG,23,198,190,18,69,1.77,2.21,0.69,5.31,0.42,3.99,0.31,0.71,61.5,3.1,66.42,2.21,69.12,75.28,0.71,0.27,65.6,,,,,,
,,,,,,,,,,,,,,,,,,,,,,,,,,,,,,,
players,Derik,Queen,C,19,206,250,18,69,1.63,2.44,0.64,6.11,0.48,0.81,0.23,2.44,58.8,6.11,57.02,2.04,65.23,77.44,0.65,0.98,61.9,,,,,,
,,,,,,,,,,,,,,,,,,,,,,,,,,,,,,,
,,,,,,,,,,,,,,,,,,,,,,,,,,,,,,,
,,,,,,,,,,,,,,,,,,,,,,,,,,,,,,,
,,,,,,,,,,,,,,,,,,,,,,,,,,,,,,,
,,,,,,,,,,,,,,,,,,,,,,,,,,,,,,,
players,Jalen,Brunson,PG,28,188,190,19,69,2.66,4.87,0.81,8.41,0.45,4.87,0.36,0.44,73.8,3.54,75.28,5.76,81.43,77.98,0.89,0.17,72.2,SP,,,,,,
,,,,,,,,,,,,,,,,,,,,,,,,,,,,,,,
players,Karl-Anthony,Towns,C,29,213,248,19,69,2.66,4.43,0.78,9.29,0.48,4.87,0.35,2.66,73.8,8.41,57.56,3.1,75.28,75.28,0.71,1.06,72.2,IH,,,,,,
,,,,,,,,,,,,,,,,,,,,,,,,,,,,,,,
players,Mikal,Bridges,SF,28,198,209,19,83,2.92,3.4,0.82,7.78,0.47,5.83,0.36,0.97,76.5,4.86,77.76,3.4,77.76,82.62,1.17,0.58,76.5,,,,,,
,,,,,,,,,,,,,,,,,,,,,,,,,,,,,,,
players,OG,Anunoby,SF,27,201,232,19,83,1.94,3.4,0.78,7.29,0.47,4.37,0.36,1.46,73.8,5.35,82.62,2.43,75.82,82.62,1.46,0.68,76.5,,,,,,
,,,,,,,,,,,,,,,,,,,,,,,,,,,,,,,
players,Josh,Hart,SF,29,196,215,19,83,1.94,2.92,0.73,6.8,0.47,2.92,0.33,1.46,72.0,7.78,82.62,4.37,77.76,82.62,1.17,0.58,76.5,,,,,,
,,,,,,,,,,,,,,,,,,,,,,,,,,,,,,,
players,Jordan,Clarkson,SG,32,196,194,19,50,1.44,3.24,0.78,6.12,0.4,4.68,0.32,0.36,59.0,2.52,54.0,2.88,57.6,54.0,0.58,0.14,59.0,,,,,,
,,,,,,,,,,,,,,,,,,,,,,,,,,,,,,,
players,Miles,McBride,PG,24,188,195,19,69,1.77,2.21,0.78,5.31,0.42,4.87,0.34,0.44,64.0,3.1,70.85,3.1,70.85,75.28,0.89,0.27,67.2,,,,,,
,,,,,,,,,,,,,,,,,,,,,,,,,,,,,,,
players,Mitchell,Robinson,C,27,213,240,19,83,1.94,1.94,0.53,6.32,0.63,0.0,0.0,3.4,67.5,10.26,68.04,0.97,68.04,82.62,0.78,1.94,79.2,,,,,,
,,,,,,,,,,,,,,,,,,,,,,,,,,,,,,,
players,Landry,Shamet,SG,28,193,188,19,50,1.44,1.44,0.78,3.96,0.42,4.68,0.36,0.36,57.6,2.16,50.4,1.44,54.0,57.6,0.43,0.14,57.6,,,,,,
,,,,,,,,,,,,,,,,,,,,,,,,,,,,,,,
players,Tyler,Kolek,PG,23,185,180,19,69,1.77,1.77,0.78,4.87,0.44,3.1,0.33,0.44,61.5,2.66,75.28,5.31,79.7,79.7,0.71,0.17,65.6,,,,,,
,,,,,,,,,,,,,,,,,,,,,,,,,,,,,,,
players,Jeremy,Sochan,PF,22,203,230,19,83,1.79,2.68,0.64,5.81,0.44,1.79,0.28,1.79,62.1,6.71,67.07,3.13,71.5,80.46,0.9,0.71,67.9,,,,,,
,,,,,,,,,,,,,,,,,,,,,,,,,,,,,,,
players,Jose,Alvarado,PG,27,183,180,19,83,1.94,1.94,0.82,4.86,0.44,3.4,0.33,0.49,67.5,2.92,77.76,4.37,77.76,82.62,1.46,0.19,72.0,,,,,,
,,,,,,,,,,,,,,,,,,,,,,,,,,,,,,,
,,,,,,,,,,,,,,,,,,,,,,,,,,,,,,,
,,,,,,,,,,,,,,,,,,,,,,,,,,,,,,,
,,,,,,,,,,,,,,,,,,,,,,,,,,,,,,,
,,,,,,,,,,,,,,,,,,,,,,,,,,,,,,,
players,Shai,Gilgeous-Alexander,PG,26,198,195,20,83,2.92,6.32,0.87,10.26,0.51,3.4,0.34,0.97,85.5,4.86,87.48,6.32,87.48,92.34,1.46,0.97,82.8,SP,,,,,,
,,,,,,,,,,,,,,,,,,,,,,,,,,,,,,,
players,Chet,Holmgren,C,22,216,207,20,83,1.79,3.57,0.74,8.05,0.46,4.03,0.34,2.68,70.4,7.6,62.64,2.68,76.03,82.3,0.71,2.24,74.5,SP,,,,,,
,,,,,,,,,,,,,,,,,,,,,,,,,,,,,,,
players,Jalen,Williams,SF,24,198,220,20,83,1.94,4.37,0.82,8.75,0.5,3.89,0.34,1.46,79.2,5.35,77.76,4.37,82.62,87.48,1.17,0.58,79.2,SP,,,,,,
,,,,,,,,,,,,,,,,,,,,,,,,,,,,,,,
players,Luguentz,Dort,SG,26,193,215,20,93,2.07,2.59,0.78,6.74,0.44,6.22,0.36,1.04,76.8,4.67,88.13,2.07,77.76,88.13,1.56,0.52,81.6,,,,,,
,,,,,,,,,,,,,,,,,,,,,,,,,,,,,,,
players,Alex,Caruso,SG,31,196,186,20,93,2.07,2.07,0.78,5.7,0.45,4.15,0.34,0.83,74.9,4.15,93.31,4.15,82.94,82.94,1.56,0.52,81.6,,,,,,
,,,,,,,,,,,,,,,,,,,,,,,,,,,,,,,
players,Isaiah,Hartenstein,C,27,213,250,20,83,1.94,2.92,0.68,7.29,0.58,0.0,0.0,2.92,72.0,9.23,68.04,3.4,77.76,82.62,0.78,1.46,76.5,,,,,,
,,,,,,,,,,,,,,,,,,,,,,,,,,,,,,,
players,Cason,Wallace,PG,21,191,195,20,83,1.79,1.79,0.74,4.91,0.44,3.13,0.33,0.44,62.1,3.13,71.5,3.13,71.5,80.46,1.07,0.27,67.9,,,,,,
,,,,,,,,,,,,,,,,,,,,,,,,,,,,,,,
players,Isaiah,Joe,SG,25,193,165,20,69,1.77,1.77,0.78,4.87,0.42,6.2,0.37,0.44,67.2,2.66,61.99,1.77,66.42,75.28,0.71,0.17,65.6,,,,,,
,,,,,,,,,,,,,,,,,,,,,,,,,,,,,,,
players,Aaron,Wiggins,SF,26,198,197,20,69,1.77,2.21,0.74,5.31,0.44,3.99,0.34,0.89,64.0,3.99,66.42,2.21,69.12,75.28,0.8,0.44,67.2,,,,,,
,,,,,,,,,,,,,,,,,,,,,,,,,,,,,,,
players,Kenrich,Williams,SF,30,198,210,20,83,1.94,1.94,0.73,5.35,0.47,2.92,0.33,1.46,67.5,5.35,72.9,2.43,75.82,72.9,0.87,0.58,72.0,,,,,,
,,,,,,,,,,,,,,,,,,,,,,,,,,,,,,,
players,Nikola,Topic,PG,19,198,200,20,69,1.63,2.44,0.69,5.7,0.42,3.66,0.31,0.41,60.4,3.26,69.23,5.29,73.33,77.44,0.73,0.25,61.9,,,,,,
,,,,,,,,,,,,,,,,,,,,,,,,,,,,,,,
players,Jared,McCain,SG,20,188,180,20,69,1.63,2.85,0.83,6.11,0.42,5.7,0.37,0.41,64.1,2.44,61.13,2.04,63.5,77.44,0.65,0.16,60.4,,,,,,
,,,,,,,,,,,,,,,,,,,,,,,,,,,,,,,
,,,,,,,,,,,,,,,,,,,,,,,,,,,,,,,
,,,,,,,,,,,,,,,,,,,,,,,,,,,,,,,
,,,,,,,,,,,,,,,,,,,,,,,,,,,,,,,
,,,,,,,,,,,,,,,,,,,,,,,,,,,,,,,
players,Paolo,Banchero,PF,22,208,250,21,69,2.44,4.89,0.69,8.53,0.44,2.44,0.29,2.04,67.9,6.52,65.23,3.66,69.23,74.95,0.73,0.57,66.4,SP,,,,,,
,,,,,,,,,,,,,,,,,,,,,,,,,,,,,,,
players,Franz,Wagner,SF,24,208,220,21,69,1.77,4.43,0.78,8.41,0.46,3.54,0.32,1.33,72.2,5.76,66.42,3.99,75.28,79.7,0.89,0.53,72.2,SP,,,,,,
,,,,,,,,,,,,,,,,,,,,,,,,,,,,,,,
players,Desmond,Bane,SG,27,196,215,21,69,1.77,4.43,0.81,7.97,0.44,7.08,0.38,0.44,73.8,4.43,70.85,3.99,75.28,75.28,0.89,0.27,72.2,,,,,,
,,,,,,,,,,,,,,,,,,,,,,,,,,,,,,,
players,Jalen,Suggs,PG,24,193,205,21,83,1.94,3.4,0.78,7.29,0.44,4.37,0.33,0.78,72.0,4.37,82.62,4.37,77.76,87.48,1.46,0.49,76.5,,,,,,
,,,,,,,,,,,,,,,,,,,,,,,,,,,,,,,
players,Wendell,Carter Jr.,C,26,208,270,21,69,1.77,3.1,0.69,6.64,0.48,2.21,0.3,2.21,65.6,7.53,57.56,2.21,69.12,75.28,0.71,0.89,69.7,,,,,,
,,,,,,,,,,,,,,,,,,,,,,,,,,,,,,,
players,Jonathan,Isaac,PF,27,211,230,21,93,2.07,2.59,0.68,6.22,0.48,1.56,0.29,2.59,72.0,7.26,93.31,2.07,77.76,88.13,1.56,1.56,84.5,,,,,,
,,,,,,,,,,,,,,,,,,,,,,,,,,,,,,,
players,Anthony,Black,PG,21,201,210,21,83,1.79,2.24,0.69,5.37,0.44,2.24,0.29,0.9,62.1,4.03,71.5,4.03,71.5,80.46,0.9,0.36,67.9,,,,,,
,,,,,,,,,,,,,,,,,,,,,,,,,,,,,,,
players,Goga,Bitadze,C,25,211,250,21,69,1.77,2.21,0.64,6.2,0.51,0.44,0.18,2.66,61.5,7.53,57.56,1.33,66.42,75.28,0.71,1.06,67.2,,,,,,
,,,,,,,,,,,,,,,,,,,,,,,,,,,,,,,
players,Moritz,Wagner,C,28,211,245,21,69,1.77,3.1,0.74,6.64,0.46,2.66,0.31,1.77,65.6,5.76,53.14,2.21,69.12,70.85,0.71,0.44,67.2,,,,,,
,,,,,,,,,,,,,,,,,,,,,,,,,,,,,,,
players,Jett,Howard,SG,21,203,215,21,69,1.63,2.04,0.74,5.29,0.42,4.48,0.34,0.65,60.4,2.85,61.13,1.63,61.13,73.33,0.65,0.25,60.4,,,,,,
,,,,,,,,,,,,,,,,,,,,,,,,,,,,,,,
players,Jevon,Carter,PG,29,185,200,21,83,1.94,1.94,0.78,4.86,0.45,4.37,0.37,0.49,67.5,2.92,82.62,3.4,77.76,72.9,1.46,0.19,72.0,,,,,,
,,,,,,,,,,,,,,,,,,,,,,,,,,,,,,,
players,Tristan,da Silva,SF,23,203,215,21,69,1.77,2.21,0.69,5.76,0.44,3.1,0.31,1.33,61.5,4.43,61.99,1.77,66.42,75.28,0.71,0.53,65.6,,,,,,
,,,,,,,,,,,,,,,,,,,,,,,,,,,,,,,
,,,,,,,,,,,,,,,,,,,,,,,,,,,,,,,
,,,,,,,,,,,,,,,,,,,,,,,,,,,,,,,
,,,,,,,,,,,,,,,,,,,,,,,,,,,,,,,
,,,,,,,,,,,,,,,,,,,,,,,,,,,,,,,
players,Joel,Embiid,C,31,213,280,22,83,2.92,7.29,0.82,11.12,0.5,3.4,0.34,3.4,85.5,10.69,82.62,5.35,82.62,72.9,0.97,1.75,82.8,HF,,,,,,
,,,,,,,,,,,,,,,,,,,,,,,,,,,,,,,
players,Tyrese,Maxey,PG,24,188,200,22,69,1.77,4.43,0.81,8.41,0.44,6.2,0.35,0.44,73.8,3.54,70.85,5.31,77.98,84.13,0.89,0.27,72.2,SP,,,,,,
,,,,,,,,,,,,,,,,,,,,,,,,,,,,,,,
players,Paul,George,SF,34,203,220,22,83,2.92,4.86,0.82,8.75,0.46,6.32,0.37,1.46,79.2,5.83,82.62,4.37,82.62,77.76,1.46,0.78,79.2,HF,,,,,,
,,,,,,,,,,,,,,,,,,,,,,,,,,,,,,,
players,Quentin,Grimes,SG,25,196,205,22,69,1.77,2.66,0.74,6.2,0.42,5.76,0.35,0.71,67.2,3.99,66.42,2.21,69.12,75.28,0.89,0.36,67.2,,,,,,
,,,,,,,,,,,,,,,,,,,,,,,,,,,,,,,
players,Kelly,Oubre Jr.,SF,29,201,203,22,69,1.77,3.54,0.69,7.08,0.44,3.1,0.3,1.33,67.2,4.87,61.99,1.77,66.42,75.28,1.06,0.44,67.2,,,,,,
,,,,,,,,,,,,,,,,,,,,,,,,,,,,,,,
players,Andre,Drummond,C,31,208,279,22,83,2.92,2.92,0.53,7.29,0.58,0.0,0.0,3.4,67.5,12.1,68.04,1.46,68.04,72.9,0.78,1.46,76.5,,,,,,
,,,,,,,,,,,,,,,,,,,,,,,,,,,,,,,
players,Kyle,Lowry,PG,39,183,196,22,69,4.43,2.21,0.78,4.87,0.41,3.99,0.34,0.44,65.6,3.1,75.28,5.31,79.7,61.99,0.89,0.27,65.6,HF,,,,,,
,,,,,,,,,,,,,,,,,,,,,,,,,,,,,,,
players,Trendon,Watford,PF,24,203,240,22,69,1.77,2.66,0.69,5.76,0.44,2.21,0.29,1.33,61.5,5.31,61.99,2.66,70.85,75.28,0.71,0.53,65.6,,,,,,
,,,,,,,,,,,,,,,,,,,,,,,,,,,,,,,
players,Jabari,Walker,PF,22,203,215,22,69,1.63,2.04,0.64,5.29,0.44,2.04,0.3,1.63,56.6,5.29,57.02,1.63,61.13,69.23,0.65,0.65,60.4,,,,,,
,,,,,,,,,,,,,,,,,,,,,,,,,,,,,,,
players,Justin,Edwards,SF,21,203,210,22,69,1.63,2.04,0.69,5.29,0.42,2.85,0.31,1.22,56.6,4.07,57.02,1.63,61.13,73.33,0.65,0.41,60.4,,,,,,
,,,,,,,,,,,,,,,,,,,,,,,,,,,,,,,
players,Adem,Bona,C,21,208,235,22,83,1.79,2.24,0.6,5.81,0.51,0.44,0.18,2.68,62.1,7.15,58.1,1.34,67.07,80.46,0.71,1.34,67.9,,,,,,
,,,,,,,,,,,,,,,,,,,,,,,,,,,,,,,
players,VJ,Edgecombe,SG,19,196,200,22,69,1.63,2.85,0.74,6.11,0.42,3.66,0.31,0.81,60.4,3.66,61.13,2.44,63.5,77.44,0.73,0.32,61.9,R,,,,,,
,,,,,,,,,,,,,,,,,,,,,,,,,,,,,,,
,,,,,,,,,,,,,,,,,,,,,,,,,,,,,,,
,,,,,,,,,,,,,,,,,,,,,,,,,,,,,,,
,,,,,,,,,,,,,,,,,,,,,,,,,,,,,,,
,,,,,,,,,,,,,,,,,,,,,,,,,,,,,,,
players,Devin,Booker,SG,28,198,206,23,69,2.66,5.31,0.83,8.86,0.45,5.76,0.35,0.44,75.4,3.99,75.28,5.31,79.7,79.7,0.89,0.27,73.8,SP,,,,,,
,,,,,,,,,,,,,,,,,,,,,,,,,,,,,,,
players,Jalen,Green,SG,23,193,186,23,69,1.77,4.43,0.74,8.41,0.41,6.64,0.32,0.44,72.2,3.99,66.42,3.1,70.85,84.13,0.71,0.27,69.7,EX,,,,,,
,,,,,,,,,,,,,,,,,,,,,,,,,,,,,,,
players,Dillon,Brooks,SF,29,201,225,23,83,1.94,2.92,0.78,6.8,0.44,5.35,0.34,1.46,72.0,4.37,82.62,2.43,72.9,77.76,1.17,0.49,76.5,IH,,,,,,
,,,,,,,,,,,,,,,,,,,,,,,,,,,,,,,
players,Mark,Williams,C,23,213,240,23,83,1.94,3.4,0.68,8.26,0.58,0.49,0.19,2.92,72.0,9.72,68.04,1.46,72.9,82.62,0.78,1.46,76.5,,,,,,
,,,,,,,,,,,,,,,,,,,,,,,,,,,,,,,
players,Royce,O'Neale,SF,31,198,226,23,83,1.94,2.43,0.82,5.35,0.44,5.35,0.37,1.46,67.5,4.86,77.76,2.43,72.9,77.76,0.97,0.49,73.8,,,,,,
,,,,,,,,,,,,,,,,,,,,,,,,,,,,,,,
players,Grayson,Allen,SG,29,193,198,23,69,1.77,2.21,0.78,5.31,0.42,6.64,0.39,0.44,69.7,3.1,61.99,2.21,66.42,70.85,0.71,0.17,67.2,,,,,,
,,,,,,,,,,,,,,,,,,,,,,,,,,,,,,,
players,Amir,Coffey,SF,27,201,210,23,69,1.77,2.21,0.69,5.31,0.44,3.1,0.31,0.89,61.5,3.99,61.99,1.77,66.42,75.28,0.71,0.36,65.6,,,,,,
,,,,,,,,,,,,,,,,,,,,,,,,,,,,,,,
players,Jordan,Goodwin,PG,26,190,200,23,83,1.94,1.94,0.73,5.35,0.44,2.92,0.32,0.49,67.5,4.37,77.76,3.4,77.76,82.62,1.17,0.29,72.0,,,,,,
,,,,,,,,,,,,,,,,,,,,,,,,,,,,,,,
players,Haywood,Highsmith,SF,28,196,220,23,83,1.94,1.94,0.73,5.35,0.47,3.4,0.33,1.46,67.5,4.86,82.62,1.94,72.9,77.76,1.17,0.58,73.8,,,,,,
,,,,,,,,,,,,,,,,,,,,,,,,,,,,,,,
players,Oso,Ighodaro,C,22,208,235,23,69,1.63,2.04,0.6,5.29,0.51,0.41,0.18,2.44,56.6,6.11,52.92,1.22,61.13,73.33,0.65,0.98,61.9,,,,,,
,,,,,,,,,,,,,,,,,,,,,,,,,,,,,,,
players,Ryan,Dunn,SF,21,203,210,23,83,1.79,1.79,0.64,4.91,0.44,1.79,0.28,1.34,58.0,4.91,76.03,1.79,67.07,80.46,0.9,0.54,67.9,,,,,,
,,,,,,,,,,,,,,,,,,,,,,,,,,,,,,,
players,Khaman,Maluach,C,18,218,250,23,83,1.79,2.24,0.6,6.26,0.51,0.0,0.0,3.13,62.1,7.6,58.1,1.34,67.07,85.0,0.71,1.61,70.4,R,,,,,,
,,,,,,,,,,,,,,,,,,,,,,,,,,,,,,,
,,,,,,,,,,,,,,,,,,,,,,,,,,,,,,,
,,,,,,,,,,,,,,,,,,,,,,,,,,,,,,,
,,,,,,,,,,,,,,,,,,,,,,,,,,,,,,,
,,,,,,,,,,,,,,,,,,,,,,,,,,,,,,,
players,Damian,Lillard,PG,34,188,195,24,69,3.54,5.76,0.83,9.29,0.41,8.41,0.35,0.44,77.9,3.99,70.85,6.64,81.43,70.85,0.89,0.27,73.8,HF,,,,,
,,,,,,,,,,,,,,,,,,,,,,,,,,,,,,,
players,Scoot,Henderson,PG,21,191,196,24,69,1.63,4.07,0.69,7.33,0.4,3.66,0.29,0.41,64.1,3.66,65.23,5.29,69.23,77.44,0.81,0.25,64.1,,,,,,
,,,,,,,,,,,,,,,,,,,,,,,,,,,,,,,
players,Shaedon,Sharpe,SG,22,198,200,24,69,1.63,3.66,0.74,6.92,0.43,3.66,0.32,0.81,64.1,4.07,61.13,2.44,65.23,74.95,0.73,0.41,64.1,,,,,,
,,,,,,,,,,,,,,,,,,,,,,,,,,,,,,,
players,Jerami,Grant,PF,31,203,210,24,69,1.77,3.99,0.74,7.53,0.44,3.99,0.33,1.33,67.2,4.43,61.99,2.21,69.12,70.85,0.71,0.53,67.2,,,,,,
,,,,,,,,,,,,,,,,,,,,,,,,,,,,,,,
players,Deni,Avdija,SF,24,206,210,24,69,1.77,3.1,0.69,6.64,0.44,3.1,0.31,1.33,65.6,6.2,66.42,3.54,72.58,77.98,0.8,0.53,67.2,EX,,,,,
,,,,,,,,,,,,,,,,,,,,,,,,,,,,,,,
players,Donovan,Clingan,C,20,216,265,24,83,1.79,2.24,0.6,6.71,0.55,0.0,0.0,3.13,62.1,8.96,58.1,1.34,67.07,80.46,0.71,1.61,70.4,,,,,,
,,,,,,,,,,,,,,,,,,,,,,,,,,,,,,,
players,Jrue,Holiday,PG,35,193,205,24,83,3.89,3.4,0.82,7.29,0.47,4.37,0.36,0.97,76.5,4.86,87.48,5.83,82.62,72.9,1.46,0.58,79.2,,,,,,
,,,,,,,,,,,,,,,,,,,,,,,,,,,,,,,
players,Matisse,Thybulle,SG,28,196,201,24,95,2.07,2.07,0.68,5.18,0.47,2.59,0.31,1.04,67.2,4.15,98.5,2.07,72.58,88.13,2.07,1.04,81.6,,,,,,
,,,,,,,,,,,,,,,,,,,,,,,,,,,,,,,
players,Robert,Williams III,C,27,206,237,24,83,1.94,2.43,0.63,6.32,0.63,0.0,0.0,3.4,67.5,9.23,77.76,1.46,72.9,82.62,0.78,1.94,79.2,,,,,,
,,,,,,,,,,,,,,,,,,,,,,,,,,,,,,,
players,Toumani,Camara,SF,24,203,210,24,83,1.94,2.43,0.73,6.32,0.47,2.92,0.32,1.46,67.5,5.35,77.76,1.94,72.9,87.48,0.97,0.58,73.8,,,,,,
,,,,,,,,,,,,,,,,,,,,,,,,,,,,,,,
players,Kris,Murray,PF,24,203,215,24,69,1.77,2.21,0.69,5.76,0.44,3.1,0.31,1.33,61.5,4.87,61.99,1.77,66.42,75.28,0.71,0.53,65.6,,,,,,
,,,,,,,,,,,,,,,,,,,,,,,,,,,,,,,
players,Blake,Wesley,PG,22,191,185,24,69,1.63,2.04,0.69,4.89,0.41,2.85,0.3,0.41,56.6,2.85,61.13,3.66,65.23,73.33,0.73,0.16,60.4,,,,,,
,,,,,,,,,,,,,,,,,,,,,,,,,,,,,,,
,,,,,,,,,,,,,,,,,,,,,,,,,,,,,,,
,,,,,,,,,,,,,,,,,,,,,,,,,,,,,,,
,,,,,,,,,,,,,,,,,,,,,,,,,,,,,,,
,,,,,,,,,,,,,,,,,,,,,,,,,,,,,,,
players,Domantas,Sabonis,C,29,211,240,25,83,2.92,5.35,0.73,10.26,0.58,1.46,0.24,3.4,81.0,12.1,72.9,6.32,87.48,82.62,0.97,0.49,81.0,IH,,,,,,
,,,,,,,,,,,,,,,,,,,,,,,,,,,,,,,
players,DeMar,DeRozan,SF,35,198,220,25,69,3.54,5.31,0.78,8.41,0.46,0.89,0.28,1.33,72.2,3.99,61.99,3.54,75.28,66.42,0.89,0.44,69.7,HF,,,,,,
,,,,,,,,,,,,,,,,,,,,,,,,,,,,,,,
players,Zach,LaVine,SG,30,196,200,25,69,1.77,4.87,0.78,8.41,0.43,6.2,0.35,0.44,73.8,3.99,66.42,3.54,70.85,79.7,0.8,0.27,69.7,,,,,,
,,,,,,,,,,,,,,,,,,,,,,,,,,,,,,,
players,Malik,Monk,SG,27,191,200,25,69,1.77,3.99,0.78,7.53,0.41,5.76,0.33,0.44,69.7,3.54,66.42,4.43,75.28,79.7,0.71,0.17,69.7,,,,,,
,,,,,,,,,,,,,,,,,,,,,,,,,,,,,,,
players,Keegan,Murray,PF,24,203,225,25,69,1.77,3.1,0.74,6.64,0.44,5.76,0.35,1.33,69.7,5.76,61.99,2.21,70.85,75.28,0.71,0.62,69.7,,,,,,
,,,,,,,,,,,,,,,,,,,,,,,,,,,,,,,
players,De'Andre,Hunter,SF,27,203,225,25,69,1.77,3.1,0.69,6.64,0.44,3.99,0.33,1.33,67.2,4.43,66.42,1.77,66.42,70.85,0.71,0.53,67.2,,,,,,
,,,,,,,,,,,,,,,,,,,,,,,,,,,,,,,
players,Russell,Westbrook,PG,36,191,200,25,83,3.89,4.37,0.68,7.78,0.44,2.92,0.29,0.49,72.0,5.83,77.76,6.8,82.62,72.9,1.17,0.39,76.5,HF,,,,,
,,,,,,,,,,,,,,,,,,,,,,,,,,,,,,,
players,Precious,Achiuwa,PF,25,203,225,25,83,1.94,2.43,0.68,6.32,0.48,1.46,0.24,2.43,67.5,7.29,77.76,1.94,72.9,82.62,0.78,0.78,73.8,,,,,,
,,,,,,,,,,,,,,,,,,,,,,,,,,,,,,,
players,Drew,Eubanks,C,28,206,245,25,69,1.77,2.21,0.64,5.76,0.55,0.0,0.0,2.66,61.5,6.64,57.56,1.33,66.42,70.85,0.71,1.06,65.6,,,,,,
,,,,,,,,,,,,,,,,,,,,,,,,,,,,,,,
players,Doug,McDermott,SF,33,201,225,25,50,2.16,1.44,0.83,3.96,0.42,5.04,0.38,0.36,61.2,2.16,46.8,1.08,54.0,50.4,0.43,0.14,57.6,,,,,,
,,,,,,,,,,,,,,,,,,,,,,,,,,,,,,,
players,Devin,Carter,PG,22,188,195,25,83,1.79,2.24,0.74,5.81,0.42,3.13,0.31,0.44,64.6,4.03,76.03,3.13,71.5,80.46,1.07,0.27,67.9,,,,,,
,,,,,,,,,,,,,,,,,,,,,,,,,,,,,,,
,,,,,,,,,,,,,,,,,,,,,,,,,,,,,,,
,,,,,,,,,,,,,,,,,,,,,,,,,,,,,,,
,,,,,,,,,,,,,,,,,,,,,,,,,,,,,,,
,,,,,,,,,,,,,,,,,,,,,,,,,,,,,,,
players,Victor,Wembanyama,C,21,224,230,26,83,1.79,4.47,0.74,9.4,0.46,4.03,0.32,3.13,76.2,9.4,76.03,3.57,76.03,85.0,0.9,2.68,76.2,SP,,,,,,
,,,,,,,,,,,,,,,,,,,,,,,,,,,,,,,
players,De'Aaron,Fox,PG,27,191,185,26,83,1.94,5.35,0.73,9.72,0.47,3.89,0.32,0.49,81.0,3.89,82.62,6.32,87.48,92.34,1.46,0.29,81.0,SP,,,,,,
,,,,,,,,,,,,,,,,,,,,,,,,,,,,,,,
players,Devin,Vassell,SG,24,196,200,26,69,1.77,3.99,0.74,7.53,0.43,4.87,0.34,0.44,69.7,3.99,66.42,3.1,70.85,79.7,0.89,0.44,69.7,,,,,,
,,,,,,,,,,,,,,,,,,,,,,,,,,,,,,,
players,Keldon,Johnson,SF,25,196,220,26,69,1.77,3.99,0.69,7.08,0.43,3.1,0.31,1.33,67.2,4.87,61.99,2.21,69.12,75.28,0.71,0.36,67.2,,,,,,
,,,,,,,,,,,,,,,,,,,,,,,,,,,,,,,
players,Stephon,Castle,PG,20,198,210,26,83,1.79,3.13,0.69,6.71,0.42,3.13,0.29,0.44,66.2,4.47,76.03,4.03,71.5,85.0,1.07,0.44,70.4,,,,,,
,,,,,,,,,,,,,,,,,,,,,,,,,,,,,,,
players,Dylan,Harper,PG,19,198,215,26,69,1.63,3.26,0.74,6.52,0.42,3.26,0.31,0.41,61.9,3.66,65.23,3.66,65.23,77.44,0.81,0.25,61.9,R,,,,,,
,,,,,,,,,,,,,,,,,,,,,,,,,,,,,,,
players,Harrison,Barnes,SF,33,203,225,26,69,2.66,2.66,0.78,6.2,0.44,3.99,0.35,0.89,65.6,3.99,61.99,1.77,66.42,66.42,0.62,0.27,65.6,,,,,,
,,,,,,,,,,,,,,,,,,,,,,,,,,,,,,,
players,Kelly,Olynyk,C,33,211,240,26,69,2.66,3.1,0.74,6.2,0.46,3.99,0.33,1.77,67.2,5.31,57.56,2.66,70.85,66.42,0.71,0.36,67.2,,,,,,
,,,,,,,,,,,,,,,,,,,,,,,,,,,,,,,
players,Mason,Plumlee,C,34,211,254,26,83,2.92,2.92,0.58,6.32,0.58,0.0,0.0,2.92,67.5,8.26,68.04,2.92,72.9,68.04,0.78,0.97,73.8,,,,,,
,,,,,,,,,,,,,,,,,,,,,,,,,,,,,,,
players,Julian,Champagnie,SF,23,201,215,26,69,1.77,2.21,0.69,5.76,0.42,3.99,0.32,0.89,64.0,3.99,61.99,1.77,66.42,75.28,0.71,0.36,65.6,,,,,,
,,,,,,,,,,,,,,,,,,,,,,,,,,,,,,,
players,Luke,Kornet,C,29,216,250,26,69,1.77,1.77,0.6,4.87,0.55,0.44,0.18,2.66,61.5,6.64,57.56,1.33,66.42,66.42,0.53,1.06,65.6,,,,,,
,,,,,,,,,,,,,,,,,,,,,,,,,,,,,,,
players,Lindy,Waters III,SG,27,198,210,26,50,1.44,1.44,0.74,3.96,0.41,3.96,0.34,0.36,56.2,2.52,50.4,1.44,54.0,57.6,0.43,0.14,56.2,,,,,,
,,,,,,,,,,,,,,,,,,,,,,,,,,,,,,,
,,,,,,,,,,,,,,,,,,,,,,,,,,,,,,,
,,,,,,,,,,,,,,,,,,,,,,,,,,,,,,,
,,,,,,,,,,,,,,,,,,,,,,,,,,,,,,,
,,,,,,,,,,,,,,,,,,,,,,,,,,,,,,,
players,Scottie,Barnes,SF,24,201,237,27,83,1.94,4.37,0.73,8.75,0.48,2.43,0.29,1.94,76.5,7.78,82.62,5.35,82.62,87.48,1.26,0.97,81.0,SP,,,,,,
,,,,,,,,,,,,,,,,,,,,,,,,,,,,,,,
players,Brandon,Ingram,SF,27,203,190,27,69,1.77,4.87,0.78,8.41,0.44,3.1,0.33,0.89,72.2,4.87,61.99,4.87,75.28,75.28,0.89,0.53,72.2,,,,,,
,,,,,,,,,,,,,,,,,,,,,,,,,,,,,,,
players,RJ,Barrett,SG,25,198,214,27,69,1.77,3.99,0.69,7.53,0.41,3.1,0.31,0.89,67.2,4.87,61.99,2.66,69.12,75.28,0.71,0.27,67.2,EX,,,,,,
,,,,,,,,,,,,,,,,,,,,,,,,,,,,,,,
players,Immanuel,Quickley,PG,25,191,190,27,69,1.77,3.54,0.81,7.53,0.41,5.76,0.34,0.44,69.7,3.54,66.42,5.31,75.28,79.7,0.89,0.17,69.7,,,,,,
,,,,,,,,,,,,,,,,,,,,,,,,,,,,,,,
players,Gradey,Dick,SG,21,203,205,27,69,1.63,2.44,0.78,5.7,0.42,5.7,0.36,0.41,64.1,2.85,57.02,1.63,61.13,73.33,0.65,0.16,61.9,,,,,,
,,,,,,,,,,,,,,,,,,,,,,,,,,,,,,,
players,Jakob,Poeltl,C,29,213,248,27,83,1.94,2.92,0.58,7.29,0.63,0.0,0.0,3.4,67.5,9.23,68.04,2.43,72.9,77.76,0.78,1.46,76.5,,,,,,
,,,,,,,,,,,,,,,,,,,,,,,,,,,,,,,
players,Ja'Kobe,Walter,SG,20,196,200,27,69,1.63,2.85,0.74,6.11,0.41,4.48,0.32,0.41,60.4,3.26,61.13,2.04,63.5,77.44,0.65,0.25,61.9,,,,,,
,,,,,,,,,,,,,,,,,,,,,,,,,,,,,,,
players,Trayce,Jackson-Davis,C,24,206,245,27,83,1.94,2.92,0.63,7.29,0.58,0.0,0.0,3.4,67.5,8.26,72.9,2.43,72.9,82.62,0.78,1.46,76.5,,,,,,
,,,,,,,,,,,,,,,,,,,,,,,,,,,,,,,
players,Sandro,Mamukelashvili,PF,25,206,240,27,69,1.77,2.66,0.69,5.76,0.44,3.1,0.31,1.77,61.5,5.31,57.56,2.21,69.12,70.85,0.62,0.44,65.6,,,,,,
,,,,,,,,,,,,,,,,,,,,,,,,,,,,,,,
players,A.J.,Lawson,SG,25,198,200,27,69,1.77,2.21,0.69,5.76,0.42,3.99,0.31,0.44,61.5,3.54,66.42,2.21,69.12,75.28,0.71,0.27,65.6,,,,,,
,,,,,,,,,,,,,,,,,,,,,,,,,,,,,,,
players,Jamison,Battle,SF,23,198,210,27,69,1.77,2.21,0.74,5.76,0.42,4.87,0.34,0.89,65.6,3.99,61.99,1.77,66.42,79.7,0.71,0.36,65.6,,,,,,
,,,,,,,,,,,,,,,,,,,,,,,,,,,,,,,
players,Garrett,Temple,SG,38,196,195,27,69,4.43,1.77,0.74,4.43,0.41,3.1,0.31,0.44,61.5,3.1,70.85,2.21,70.85,61.99,0.71,0.17,64.0,,,,,,
,,,,,,,,,,,,,,,,,,,,,,,,,,,,,,,
,,,,,,,,,,,,,,,,,,,,,,,,,,,,,,,
,,,,,,,,,,,,,,,,,,,,,,,,,,,,,,,
,,,,,,,,,,,,,,,,,,,,,,,,,,,,,,,
,,,,,,,,,,,,,,,,,,,,,,,,,,,,,,,
players,Lauri,Markkanen,PF,27,213,240,28,69,1.77,4.87,0.81,8.41,0.45,6.64,0.36,1.77,73.8,7.53,61.99,2.21,70.85,75.28,0.71,0.53,72.2,IH,,,,,,
,,,,,,,,,,,,,,,,,,,,,,,,,,,,,,,
players,Jaren,Jackson Jr.,PF,25,211,242,28,83,1.94,3.89,0.78,8.26,0.47,4.86,0.34,2.92,76.5,6.32,82.62,1.94,75.82,82.62,0.97,2.43,79.2,,,,,,
,,,,,,,,,,,,,,,,,,,,,,,,,,,,,,,
players,Walker,Kessler,C,23,213,245,28,83,1.94,2.43,0.63,7.29,0.58,0.0,0.0,3.4,67.5,10.26,68.04,1.46,72.9,87.48,0.78,2.43,79.2,,,,,,
,,,,,,,,,,,,,,,,,,,,,,,,,,,,,,,
players,Keyonte,George,PG,21,193,185,28,69,1.63,3.66,0.74,6.92,0.4,5.29,0.31,0.41,64.1,2.85,61.13,4.07,69.23,73.33,0.65,0.16,61.9,,,,,,
,,,,,,,,,,,,,,,,,,,,,,,,,,,,,,,
players,Isaiah,Collier,PG,20,193,210,28,69,1.63,3.66,0.69,6.92,0.42,2.85,0.29,0.41,61.9,3.66,65.23,5.29,69.23,77.44,0.81,0.25,61.9,,,,,,
,,,,,,,,,,,,,,,,,,,,,,,,,,,,,,,
players,Cody,Williams,SF,20,203,190,28,69,1.63,2.44,0.69,5.29,0.42,2.85,0.3,0.81,58.8,3.66,61.13,2.04,63.5,77.44,0.65,0.32,60.4,,,,,,
,,,,,,,,,,,,,,,,,,,,,,,,,,,,,,,
players,Brice,Sensabaugh,SF,21,198,235,28,50,1.32,2.32,0.74,4.97,0.43,2.98,0.32,0.66,54.3,2.98,46.4,1.32,49.7,56.3,0.46,0.2,53.0,,,,,,
,,,,,,,,,,,,,,,,,,,,,,,,,,,,,,,
players,Kyle,Filipowski,C,21,211,248,28,69,1.63,2.44,0.69,5.7,0.46,2.85,0.31,2.04,58.8,6.11,52.92,2.04,65.23,73.33,0.57,0.65,61.9,,,,,,
,,,,,,,,,,,,,,,,,,,,,,,,,,,,,,,
players,Jusuf,Nurkic,C,30,211,290,28,69,2.66,3.1,0.6,6.64,0.48,0.89,0.23,2.66,61.5,7.97,61.99,2.66,70.85,66.42,0.71,0.71,67.2,,,,,,
,,,,,,,,,,,,,,,,,,,,,,,,,,,,,,,
players,Kevin,Love,PF,36,203,251,28,50,3.6,1.8,0.78,4.32,0.44,3.96,0.35,1.44,59.0,5.4,50.4,2.52,61.2,50.4,0.43,0.22,57.6,,,,,,
,,,,,,,,,,,,,,,,,,,,,,,,,,,,,,,
players,John,Konchar,SG,29,196,210,28,69,1.77,1.77,0.69,4.87,0.44,3.1,0.31,1.33,61.5,4.43,70.85,2.21,66.42,66.42,0.71,0.36,65.6,,,,,,
,,,,,,,,,,,,,,,,,,,,,,,,,,,,,,,
players,Svi,Mykhailiuk,SG,27,201,205,28,50,1.44,1.44,0.78,3.96,0.42,3.96,0.34,0.36,57.6,2.16,50.4,1.44,54.0,57.6,0.43,0.14,56.2,,,,,,
,,,,,,,,,,,,,,,,,,,,,,,,,,,,,,,
,,,,,,,,,,,,,,,,,,,,,,,,,,,,,,,
,,,,,,,,,,,,,,,,,,,,,,,,,,,,,,,
,,,,,,,,,,,,,,,,,,,,,,,,,,,,,,,
,,,,,,,,,,,,,,,,,,,,,,,,,,,,,,,
players,Trae,Young,PG,26,185,164,29,69,2.66,5.76,0.83,8.86,0.4,7.53,0.34,0.44,77.9,3.1,66.42,9.29,84.13,84.13,0.89,0.17,73.8,EX,,,,,,
,,,,,,,,,,,,,,,,,,,,,,,,,,,,,,,
players,Anthony,Davis,PF,32,208,253,29,83,3.89,4.86,0.78,9.23,0.5,1.94,0.29,3.4,81.0,10.69,82.62,2.92,77.76,72.9,1.17,1.94,82.8,HF,,,,,,
,,,,,,,,,,,,,,,,,,,,,,,,,,,,,,,
players,Bilal,Coulibaly,SF,21,203,195,29,83,1.79,3.13,0.69,6.71,0.44,3.13,0.31,0.9,66.2,4.91,76.03,2.68,71.5,85.0,1.07,0.71,70.4,,,,,,
,,,,,,,,,,,,,,,,,,,,,,,,,,,,,,,
players,Alex,Sarr,C,20,216,230,29,83,1.79,3.13,0.64,7.15,0.46,2.24,0.29,2.68,67.9,7.6,71.5,1.79,71.5,85.0,0.71,1.79,72.9,,,,,,
,,,,,,,,,,,,,,,,,,,,,,,,,,,,,,,
players,Cam,Whitmore,SF,21,198,230,29,69,1.63,3.66,0.69,6.92,0.43,3.66,0.31,0.81,64.1,4.48,61.13,1.63,63.5,74.95,0.65,0.41,61.9,,,,,,
,,,,,,,,,,,,,,,,,,,,,,,,,,,,,,,
players,D'Angelo,Russell,PG,29,193,193,29,50,1.44,3.24,0.78,6.12,0.42,4.68,0.34,0.36,61.2,2.52,50.4,4.32,61.2,57.6,0.58,0.14,59.0,,,,,,
,,,,,,,,,,,,,,,,,,,,,,,,,,,,,,,
players,Jaden,Hardy,SG,22,191,198,29,69,1.63,3.26,0.74,6.52,0.4,4.48,0.31,0.41,61.9,2.85,61.13,2.85,65.23,73.33,0.65,0.16,60.4,,,,,,
,,,,,,,,,,,,,,,,,,,,,,,,,,,,,,,
players,Tristan,Vukcevic,C,22,211,225,29,69,1.63,2.44,0.69,5.7,0.44,2.85,0.31,1.63,58.8,5.29,52.92,1.63,63.5,69.23,0.57,0.65,60.4,,,,,,
,,,,,,,,,,,,,,,,,,,,,,,,,,,,,,,
players,Bub,Carrington,PG,19,193,190,29,69,1.63,2.85,0.74,6.11,0.42,3.66,0.31,0.41,60.4,3.66,61.13,3.66,65.23,77.44,0.73,0.25,61.9,,,,,,
,,,,,,,,,,,,,,,,,,,,,,,,,,,,,,,
players,Kyshawn,George,SF,20,203,200,29,69,1.63,2.44,0.69,5.29,0.42,2.85,0.3,0.81,58.8,4.07,61.13,1.63,61.13,73.33,0.65,0.32,60.4,,,,,,
,,,,,,,,,,,,,,,,,,,,,,,,,,,,,,,
players,Tre,Johnson,SG,19,198,190,29,69,1.31,2.85,0.81,6.85,0.46,5.29,0.34,0.16,18.9,2.12,65.23,1.88,65.99,73.33,0.81,0.16,64.1,R,,,,,,
,,,,,,,,,,,,,,,,,,,,,,,,,,,,,,,
players,Justin,Champagnie,SF,24,198,206,29,69,1.77,2.21,0.69,5.76,0.44,3.1,0.31,1.33,61.5,5.31,70.85,1.77,66.42,75.28,0.71,0.53,65.6,,,,,,
,,,,,,,,,,,,,,,,,,,,,,,,,,,,,,,
players,Anthony,Gill,PF,32,203,230,29,69,2.66,1.77,0.64,4.87,0.44,2.21,0.3,1.33,61.5,4.87,61.99,1.77,66.42,66.42,0.62,0.44,64.0,,,,,,
,,,,,,,,,,,,,,,,,,,,,,,,,,,,,,,
,,,,,,,,,,,,,,,,,,,,,,,,,,,,,,,
,,,,,,,,,,,,,,,,,,,,,,,,,,,,,,,
,,,,,,,,,,,,,,,,,,,,,,,,,,,,,,,
,,,,,,,,,,,,,,,,,,,,,,,,,,,,,,,
players,Markelle,Fultz,PG,26,193,209,-1,69,1.06,0.71,0.63,6.37,0.44,0.36,0.2,1.16,32.8,4.26,69.12,2.48,72.58,66.42,0.89,0.27,64.0,,,,,,
,,,,,,,,,,,,,,,,,,,,,,,,,,,,,,,
players,Ryan,Arcidiacono,PG,30,190,195,-1,50,0.36,0.43,0.74,1.01,0.45,0.22,0.33,0.14,13.7,1.15,49.7,1.37,56.9,43.2,0.36,0.0,51.1,CG,,,,,
,,,,,,,,,,,,,,,,,,,,,,,,,,,,,,,
players,Jamaree,Bouyea,PG,25,188,180,-1,50,0.65,0.07,0.46,1.44,0.44,0.79,0.18,0.22,5.76,1.94,49.0,0.72,67.0,46.1,0.29,0.07,50.4,,,,,,
,,,,,,,,,,,,,,,,,,,,,,,,,,,,,,,
players,D.J,Carton,PG,24,188,200,-1,50,0.43,0.58,0.76,0.72,0.34,0.65,0.13,0.22,5.04,0.58,43.9,0.58,50.4,44.6,0.36,0.0,48.2,,,,,,
,,,,,,,,,,,,,,,,,,,,,,,,,,,,,,,
players,Malachi,Flynn,PG,26,185,175,-1,50,0.79,1.15,0.63,2.66,0.48,2.3,0.29,0.22,14.4,1.08,50.4,1.51,50.4,47.5,0.58,0.07,56.2,,,,,,
,,,,,,,,,,,,,,,,,,,,,,,,,,,,,,,
players,Jacob,Gilyard,PG,26,175,160,-1,50,0.22,0.07,0.92,0.43,0.34,2.23,0.34,0.14,1.44,0.36,36.0,1.08,41.8,46.8,0.65,0.0,50.4,,,,,,
,,,,,,,,,,,,,,,,,,,,,,,,,,,,,,,
players,Jordan,Goodwin,PG,26,190,200,-1,69,1.41,1.6,0.58,6.64,0.33,3.19,0.29,1.41,24.6,2.3,70.85,2.39,70.85,61.13,0.8,0.36,61.5,,,,,,
,,,,,,,,,,,,,,,,,,,,,,,,,,,,,,,
players,Jazian,Gortman,PG,21,188,184,-1,69,0.49,0.25,0.46,0.65,0.38,0.57,0.33,0.09,2.26,0.25,49.68,1.63,65.23,49.68,0.09,0.09,51.3,,,,,,
,,,,,,,,,,,,,,,,,,,,,,,,,,,,,,,
players,Killian,Hayes,PG,23,196,195,25,69,1.06,1.06,0.61,4.43,0.41,1.6,0.27,0.27,12.3,2.3,62.86,4.34,75.28,65.56,0.8,0.44,65.6,,,,,,
,,,,,,,,,,,,,,,,,,,,,,,,,,,,,,,
players,Kira,Lewis Jr.,PG,23,185,170,-1,69,0.53,0.71,0.77,2.04,0.54,0.97,0.27,0.36,4.1,0.53,61.13,1.41,72.58,58.43,0.27,0.09,57.4,,,,,,
,,,,,,,,,,,,,,,,,,,,,,,,,,,,,,,
players,Quincy,Olivari,PG,24,190,198,-1,50,0.36,1.08,0.41,1.22,0.75,1.8,0.32,0.14,4.32,0.58,57.6,0.36,61.9,49.7,0.14,0.0,54.7,,,,,,
,,,,,,,,,,,,,,,,,,,,,,,,,,,,,,,
players,Elfrid,Payton,PG,30,190,195,-1,69,2.57,0.53,0.46,5.67,0.47,0.09,0.26,0.62,24.6,2.39,66.42,6.11,74.41,59.29,1.24,0.36,63.1,,,,,,
,,,,,,,,,,,,,,,,,,,,,,,,,,,,,,,
players,Jason,Preston,PG,25,193,187,-1,50,0.22,0.07,0.46,1.37,0.44,0.72,0.21,0.65,1.44,1.08,50.4,1.37,42.5,45.4,0.14,0.0,49.0,,,,,,
,,,,,,,,,,,,,,,,,,,,,,,,,,,,,,,
players,Isaiah,Thomas,PG,35,175,185,-1,69,1.77,4.26,0.8,0.89,0.44,0.62,0.46,0.44,54.1,1.68,61.99,2.21,77.98,55.84,0.71,0.09,56.6,,,,,,
,,,,,,,,,,,,,,,,,,,,,,,,,,,,,,,
players,Amari,Bailey,SG,20,196,185,-1,50,0.26,0.46,0.78,1.06,0.4,0.53,0.11,0.4,1.99,0.6,45.0,0.46,53.0,43.1,0.2,0.0,43.1,,,,,,
,,,,,,,,,,,,,,,,,,,,,,,,,,,,,,,
players,Jules,Bernard,SG,25,201,210,-1,50,0.29,0.36,0.51,1.3,0.47,1.08,0.34,0.36,2.88,0.58,46.8,0.58,54.0,46.8,0.14,0.07,46.1,,,,,,
,,,,,,,,,,,,,,,,,,,,,,,,,,,,,,,
players,Buddy,Boeheim,SG,25,198,205,-1,50,0.36,0.72,0.76,0.72,0.3,1.8,0.29,0.22,2.88,0.5,42.5,0.22,54.0,45.4,0.07,0.07,48.2,,,,,,
,,,,,,,,,,,,,,,,,,,,,,,,,,,,,,,
players,James,Bouknight,SG,24,196,190,-1,50,0.43,0.58,0.7,0.65,0.41,1.51,0.4,0.07,5.76,0.43,50.4,0.65,50.4,51.8,0.29,0.07,51.8,,,,,,
,,,,,,,,,,,,,,,,,,,,,,,,,,,,,,,
players,Charlie,Brown Jr.,SG,28,198,199,-1,50,0.22,0.36,0.85,0.94,0.29,0.72,0.2,0.07,3.6,0.14,51.1,0.22,49.0,46.8,0.22,0.14,49.0,,,,,,
,,,,,,,,,,,,,,,,,,,,,,,,,,,,,,,
players,Javon,Freeman-Liberty,SG,25,193,180,-1,50,0.79,1.15,0.84,2.66,0.5,1.37,0.21,0.5,5.04,1.8,49.0,1.3,50.4,45.4,0.36,0.14,50.4,,,,,,
,,,,,,,,,,,,,,,,,,,,,,,,,,,,,,,
players,Andrew,Funk,SG,25,196,200,-1,50,0.72,0.36,0.46,0.5,0.48,0.43,0.28,0.14,1.44,0.22,42.5,0.22,45.4,44.6,0.14,0.14,46.8,,,,,,
,,,,,,,,,,,,,,,,,,,,,,,,,,,,,,,
players,Kevin,Harris,SG,27,196,216,-1,50,0.36,0.65,0.69,1.08,0.61,0.86,0.34,0.07,2.16,0.72,43.9,0.36,46.8,43.2,0.36,0.07,43.2,,,,,,
,,,,,,,,,,,,,,,,,,,,,,,,,,,,,,,
players,Victor,Oladipo,SG,32,190,214,-1,69,1.86,1.68,0.68,3.99,0.43,4.43,0.3,0.36,32.8,2.39,58.43,3.1,61.99,54.86,1.24,0.27,57.4,,,,,,
,,,,,,,,,,,,,,,,,,,,,,,,,,,,,,,
players,Joshua,Primo,SG,22,198,190,-1,50,1.32,0.79,0.69,0.66,0.46,0.33,0.28,0.33,12.6,1.06,45.7,1.19,53.0,45.7,0.26,0.33,45.0,,,,,,
,,,,,,,,,,,,,,,,,,,,,,,,,,,,,,,
players,Thanasis,Antetokounmpo,SF,32,201,219,-1,50,0.79,0.07,0.48,0.65,0.51,0.22,0.13,0.43,28.8,0.65,49.0,0.43,54.7,36.0,0.14,0.07,47.5,IH,,,,,
,,,,,,,,,,,,,,,,,,,,,,,,,,,,,,,
players,Oshae,Brissett,SF,26,201,210,-1,50,0.29,1.08,0.55,1.3,0.5,0.72,0.25,0.79,6.48,1.3,47.5,0.58,50.4,45.4,0.22,0.07,50.4,,,,,,
,,,,,,,,,,,,,,,,,,,,,,,,,,,,,,,
players,Reggie,Bullock,SF,33,198,205,-1,50,0.14,0.43,0.75,0.22,0.42,1.08,0.37,0.07,32.4,1.08,49.7,0.22,50.4,43.9,0.22,0.07,53.3,,,,,,
,,,,,,,,,,,,,,,,,,,,,,,,,,,,,,,
players,Torrey,Craig,SF,34,201,221,-1,69,0.53,0.36,0.69,0.97,0.64,3.46,0.39,0.8,41.0,2.48,61.99,0.53,72.58,57.56,0.17,0.09,59.9,,,,,,
,,,,,,,,,,,,,,,,,,,,,,,,,,,,,,,
players,Justin,Holiday,SF,35,198,180,-1,69,0.17,0.09,0.69,0.89,0.52,2.04,0.41,0.17,44.3,1.06,62.86,1.06,69.98,57.56,0.53,0.17,57.4,,,,,,
,,,,,,,,,,,,,,,,,,,,,,,,,,,,,,,
players,Danuel,House Jr.,SF,31,198,220,-1,69,0.53,1.24,0.7,1.41,0.53,1.33,0.28,0.44,24.6,1.06,78.84,0.71,72.58,61.13,0.36,0.09,59.0,,,,,,
,,,,,,,,,,,,,,,,,,,,,,,,,,,,,,,
players,Keyonte,Johnson,SF,24,196,230,-1,50,0.29,0.29,0.37,1.01,0.28,0.22,0.3,0.29,18.7,0.5,54.7,0.29,50.4,43.9,0.07,0.0,49.0,,,,,,
,,,,,,,,,,,,,,,,,,,,,,,,,,,,,,,
players,Alex,Fudge,SF,21,203,200,-1,69,0.41,0.25,0.92,2.44,0.61,1.22,0.3,0.81,12.1,1.22,61.88,0.16,62.75,55.4,0.41,0.0,52.8,,,,,,
,,,,,,,,,,,,,,,,,,,,,,,,,,,,,,,
players,Nassir,Little,SF,24,196,220,-1,69,0.27,0.36,0.78,1.06,0.61,1.41,0.28,0.27,30.3,1.24,70.85,0.44,63.72,57.56,0.17,0.17,66.4,,,,,,
,,,,,,,,,,,,,,,,,,,,,,,,,,,,,,,
players,Kevin,Knox,SF,25,201,215,-1,50,0.5,0.5,0.83,2.16,0.54,2.16,0.3,0.43,16.6,1.3,54.7,0.5,61.2,48.2,0.29,0.14,57.6,,,,,,
,,,,,,,,,,,,,,,,,,,,,,,,,,,,,,,
players,Collin,Murray-Boyles,PF,20,201,231,27,69,2.28,4.07,0.61,7.42,0.59,0.73,0.23,2.04,6.79,5.22,62.75,2.04,65.99,72.47,1.31,1.14,63.4,R,,,,,,
,,,,,,,,,,,,,,,,,,,,,,,,,,,,,,,
players,Wesley,Mathew,SF,38,196,220,-1,50,0.14,0.5,0.69,0.58,0.32,1.37,0.31,0.22,44.6,0.86,56.2,0.43,58.3,46.1,0.29,0.14,48.2,,,,,,
,,,,,,,,,,,,,,,,,,,,,,,,,,,,,,,
players,Juan,Toscano-Anderaon,SF,31,198,209,-1,50,0.14,0.43,0.59,0.5,0.55,0.29,0.29,0.29,27.4,0.65,51.1,0.29,56.9,46.8,0.07,0.14,53.3,,,,,,
,,,,,,,,,,,,,,,,,,,,,,,,,,,,,,,
players,Keita,Bates-Diop,PF,29,203,229,-1,50,0.36,0.29,0.69,0.58,0.5,0.29,0.3,0.07,21.6,1.66,44.6,0.65,54.0,48.2,0.36,0.22,49.0,,,,,,
,,,,,,,,,,,,,,,,,,,,,,,,,,,,,,,
players,Robert,Covington,PF,34,201,209,-1,69,0.36,0.8,0.8,1.41,0.52,1.6,0.41,0.97,39.4,3.01,68.15,0.62,76.14,57.56,1.16,0.53,60.7,,,,,,
,,,,,,,,,,,,,,,,,,,,,,,,,,,,,,,
players,Marcus,Morris,PF,35,203,218,-1,50,0.65,0.5,0.57,1.8,0.42,1.73,0.38,0.29,43.2,1.22,51.8,0.58,58.3,44.6,0.14,0.14,51.8,,,,,,
,,,,,,,,,,,,,,,,,,,,,,,,,,,,,,,
players,Jeremiah,Fears,PG,19,193,182,18,69,3.01,4.73,0.77,6.11,0.49,2.85,0.25,0.57,14.3,2.53,63.5,3.42,66.85,72.47,1.47,0.09,63.4,R,,,,,,
,,,,,,,,,,,,,,,,,,,,,,,,,,,,,,,
players,Isaiah,Mobley,PF,25,203,240,-1,50,0.14,0.07,0.74,1.01,0.46,0.72,0.38,0.22,13.7,0.5,51.8,0.43,51.1,46.8,0.14,0.0,51.8,,,,,,
,,,,,,,,,,,,,,,,,,,,,,,,,,,,,,,
players,Terry,Taylor,PF,25,196,230,-1,50,0.14,0.14,0.74,0.72,0.55,0.22,0.26,0.36,15.1,0.43,51.1,0.22,54.7,47.5,0.14,0.07,49.7,,,,,,
,,,,,,,,,,,,,,,,,,,,,,,,,,,,,,,
players,M,Bamba,C,26,213,231,-1,50,0.5,0.65,0.63,1.37,0.57,1.3,0.28,0.65,22.3,2.45,49.0,0.43,58.3,50.4,0.22,0.72,54.0,,,,,,
,,,,,,,,,,,,,,,,,,,,,,,,,,,,,,,
players,Bismack,Biyombo,C,32,203,255,-1,69,0.36,0.71,0.46,1.06,0.53,0.0,0.0,0.44,30.3,1.16,59.29,0.17,66.42,53.14,0.09,0.27,58.2,,,,,,
,,,,,,,,,,,,,,,,,,,,,,,,,,,,,,,
players,Robin,Lopez,C,36,216,281,-1,83,0.1,1.75,0.72,0.68,0.44,0.49,0.24,0.19,45.0,0.1,67.07,0.29,75.82,53.46,0.19,0.1,60.3,,,,,,
,,,,,,,,,,,,,,,,,,,,,,,,,,,,,,,
players,Montrezl,Harell,C,31,201,240,-1,69,0.53,1.6,0.63,3.19,0.56,0.09,0.09,1.06,36.9,1.41,68.15,0.53,69.98,61.99,0.27,0.36,67.2,,,,,,
,,,,,,,,,,,,,,,,,,,,,,,,,,,,,,,
players,Justin,Anderson,SF,31,198,230,-1,69,0.8,2.04,0.72,1.94,0.58,2.39,0.28,0.89,32.0,2.39,58.43,0.97,57.56,56.7,0.71,0.44,60.7,,,,,,
,,,,,,,,,,,,,,,,,,,,,,,,,,,,,,,
players,Airious,Bailey,SF,19,208,200,28,83,1.97,3.84,0.62,10.04,0.46,4.65,0.35,1.88,37.3,5.1,72.47,0.9,71.5,81.32,0.98,1.25,71.2,R,,,,,,
,,,,,,,,,,,,,,,,,,,,,,,,,,,,,,,
,,,,,,,,,,,,,,,,,,,,,,,,,,,,,,,
,,,,,,,,,,,,,,,,,,,,,,,,,,,,,,,
,,,,,,,,,,,,,,,,,,,,,,,,,,,,,,,
,,,,,,,,,,,,,,,,,,,,,,,,,,,,,,,
Rookies,AJ,Dybantsa,SF,18,203,95,-3,65,1.32,4.64,0.74,5.96,0.46,2.65,0.32,0.99,36.4,2.98,53.0,2.65,53.0,60.9,0.79,0.4,58.3,USA,Provo,Utah,"""""""""""""""""""""""""""""""","""""""""""""""""""""""""""""""",,"""""""""""""""""""""""""""""""
,,,,,,,,,,,,,,,,,,,,,,,,,,,,,,,
Rookies,Darryn,Peterson,SG,18,196,88,-3,63,1.32,4.31,0.74,5.63,0.44,2.98,0.31,0.33,33.1,2.65,51.7,3.64,56.3,60.9,0.86,0.2,57.0,USA,Lawrence,Kansas,"""""""""""""""""""""""""""""""","""""""""""""""""""""""""""""""",,"""""""""""""""""""""""""""""""
,,,,,,,,,,,,,,,,,,,,,,,,,,,,,,,
Rookies,Cameron,Boozer,PF,18,208,105,-3,66,1.32,3.97,0.74,5.63,0.48,1.32,0.28,1.66,39.7,5.63,54.3,2.32,51.7,60.9,0.66,0.53,59.6,USA,Durham,North Carolina,"""""""""""""""""""""""""""""""","""""""""""""""""""""""""""""""",,"""""""""""""""""""""""""""""""
,,,,,,,,,,,,,,,,,,,,,,,,,,,,,,,
Rookies,Caleb,Wilson,PF,18,203,95,-3,62,1.32,3.64,0.74,5.3,0.46,1.99,0.3,1.32,38.4,4.64,51.7,1.99,51.7,59.6,0.66,0.4,57.0,USA,Chapel Hill,North Carolina,"""""""""""""""""""""""""""""""","""""""""""""""""""""""""""""""",,"""""""""""""""""""""""""""""""
,,,,,,,,,,,,,,,,,,,,,,,,,,,,,,,
Rookies,Darius,Acuff Jr.,PG,19,188,82,-3,60,1.21,3.92,0.74,4.83,0.42,2.41,0.3,0.3,29.0,2.11,45.3,3.62,51.3,53.1,0.66,0.12,50.7,USA,Fayetteville,Arkansas,"""""""""""""""""""""""""""""""","""""""""""""""""""""""""""""""",,"""""""""""""""""""""""""""""""
,,,,,,,,,,,,,,,,,,,,,,,,,,,,,,,
Rookies,Keaton,Wagler,PG,19,196,90,-3,59,1.21,3.32,0.74,4.53,0.43,2.41,0.31,0.3,30.2,2.41,44.7,1.81,47.1,53.1,0.54,0.18,49.5,USA,Champaign,Illinois,"""""""""""""""""""""""""""""""","""""""""""""""""""""""""""""""",,"""""""""""""""""""""""""""""""
,,,,,,,,,,,,,,,,,,,,,,,,,,,,,,,
Rookies,Kingston,Flemings,PG,18,190,85,-3,60,1.21,3.62,0.74,4.83,0.43,2.11,0.31,0.3,30.2,2.41,47.1,3.32,51.3,55.5,0.72,0.18,50.7,USA,Houston,Texas,"""""""""""""""""""""""""""""""","""""""""""""""""""""""""""""""",,"""""""""""""""""""""""""""""""
,,,,,,,,,,,,,,,,,,,,,,,,,,,,,,,
Rookies,Mikel,Brown Jr.,PG,18,188,80,-3,60,1.21,3.62,0.74,4.53,0.42,2.41,0.31,0.3,29.0,2.11,45.3,3.32,51.3,55.5,0.6,0.12,50.1,USA,Louisville,Kentucky,"""""""""""""""""""""""""""""""","""""""""""""""""""""""""""""""",,"""""""""""""""""""""""""""""""
,,,,,,,,,,,,,,,,,,,,,,,,,,,,,,,
Rookies,Brayden,Burries,SG,19,196,88,-3,59,1.21,3.32,0.74,4.53,0.43,2.72,0.32,0.3,30.2,2.72,45.3,1.51,47.1,53.1,0.54,0.18,49.5,USA,Tucson,Arizona,"""""""""""""""""""""""""""""""","""""""""""""""""""""""""""""""",,"""""""""""""""""""""""""""""""
,,,,,,,,,,,,,,,,,,,,,,,,,,,,,,,
Rookies,Yaxel,Lendeborg,PF,21,206,102,-3,62,1.32,3.64,0.69,4.97,0.48,1.32,0.28,1.66,39.7,5.63,51.7,1.99,51.7,56.3,0.53,0.53,55.6,USA,Ann Arbor,Michigan,"""""""""""""""""""""""""""""""","""""""""""""""""""""""""""""""",,"""""""""""""""""""""""""""""""
,,,,,,,,,,,,,,,,,,,,,,,,,,,,,,,
Rookies,Morez,Johnson,C,20,208,110,-3,62,1.32,2.98,0.64,4.64,0.51,0.33,0.18,1.99,43.1,5.96,51.7,0.99,49.7,59.6,0.53,0.99,56.3,USA,Ann Arbor,Michigan,"""""""""""""""""""""""""""""""","""""""""""""""""""""""""""""""",,"""""""""""""""""""""""""""""""
,,,,,,,,,,,,,,,,,,,,,,,,,,,,,,,
Rookies,Aday,Mara,C,20,218,115,-3,63,1.32,2.98,0.64,4.97,0.55,0.66,0.23,1.99,43.1,6.29,51.7,1.32,51.7,56.3,0.53,1.19,56.3,Spain,Ann Arbor,Michigan,"""""""""""""""""""""""""""""""","""""""""""""""""""""""""""""""",,"""""""""""""""""""""""""""""""
,,,,,,,,,,,,,,,,,,,,,,,,,,,,,,,
Rookies,Labaron,Philon,PG,19,191,85,-3,60,1.21,3.62,0.74,4.53,0.42,2.41,0.31,0.3,29.0,2.11,45.3,3.02,51.3,53.1,0.6,0.12,49.5,USA,Tuscaloosa,Alabama,"""""""""""""""""""""""""""""""","""""""""""""""""""""""""""""""",,"""""""""""""""""""""""""""""""
,,,,,,,,,,,,,,,,,,,,,,,,,,,,,,,
Rookies,Jayden,Quaintance,C,19,208,102,-3,64,1.32,3.31,0.64,4.97,0.46,1.32,0.26,1.99,41.1,5.63,54.3,1.66,51.7,59.6,0.66,0.99,57.6,USA,Lexington,Kentucky,"""""""""""""""""""""""""""""""","""""""""""""""""""""""""""""""",,"""""""""""""""""""""""""""""""
,,,,,,,,,,,,,,,,,,,,,,,,,,,,,,,
Rookies,Nate,Ament,PF,18,203,90,-3,41,0.83,2.07,0.69,2.9,0.43,1.66,0.32,0.41,22.8,2.07,31.1,1.04,32.4,38.2,0.33,0.21,34.4,USA,Knoxville,Tennessee,"""""""""""""""""""""""""""""""","""""""""""""""""""""""""""""""",,"""""""""""""""""""""""""""""""
,,,,,,,,,,,,,,,,,,,,,,,,,,,,,,,
Rookies,Hannes,Steinbach,C,19,206,100,-3,42,0.83,2.07,0.64,2.9,0.46,0.83,0.28,1.04,24.9,3.11,32.4,1.04,32.4,37.3,0.33,0.33,34.4,Germany,Seattle,Washington,"""""""""""""""""""""""""""""""","""""""""""""""""""""""""""""""",,"""""""""""""""""""""""""""""""
,,,,,,,,,,,,,,,,,,,,,,,,,,,,,,,
Rookies,Cameron,Carr,SG,20,196,90,-3,41,0.83,2.07,0.69,2.9,0.43,2.07,0.33,0.21,20.7,1.66,30.7,1.04,32.4,35.3,0.33,0.12,33.2,USA,Waco,Texas,"""""""""""""""""""""""""""""""","""""""""""""""""""""""""""""""",,"""""""""""""""""""""""""""""""
,,,,,,,,,,,,,,,,,,,,,,,,,,,,,,,
Rookies,Karim,López,SF,18,203,92,-3,42,0.83,2.28,0.69,3.11,0.44,1.45,0.31,0.62,22.8,2.28,32.4,1.04,32.4,38.2,0.33,0.25,35.3,Mexico,Auckland,NZ,"""""""""""""""""""""""""""""""","""""""""""""""""""""""""""""""",,"""""""""""""""""""""""""""""""
,,,,,,,,,,,,,,,,,,,,,,,,,,,,,,,
Rookies,Bennett,Stirtz,PG,20,191,85,-3,41,0.83,2.49,0.74,3.11,0.42,1.66,0.31,0.21,19.9,1.45,31.1,2.28,35.3,35.3,0.41,0.08,33.2,USA,Iowa City,Iowa,"""""""""""""""""""""""""""""""","""""""""""""""""""""""""""""""",,"""""""""""""""""""""""""""""""
,,,,,,,,,,,,,,,,,,,,,,,,,,,,,,,
Rookies,Chris,Cenac Jr.,PF,20,211,110,-3,44,0.91,2.05,0.64,3.19,0.51,0.0,0.0,1.37,28.2,4.1,35.5,0.68,34.2,41.0,0.36,0.82,37.8,USA,Houston,Texas,"""""""""""""""""""""""""""""""","""""""""""""""""""""""""""""""",,"""""""""""""""""""""""""""""""
,,,,,,,,,,,,,,,,,,,,,,,,,,,,,,,
Rookies,Christian,Anderson Jr.,PG,20,188,82,-3,41,0.83,2.28,0.74,3.11,0.42,1.66,0.31,0.21,19.9,1.45,31.1,2.07,35.3,35.3,0.41,0.08,33.2,USA,Lubbock,Texas,"""""""""""""""""""""""""""""""","""""""""""""""""""""""""""""""",,"""""""""""""""""""""""""""""""
,,,,,,,,,,,,,,,,,,,,,,,,,,,,,,,
Rookies,Koa,Peat,PF,18,208,105,-3,45,0.91,2.5,0.74,3.64,0.46,0.91,0.28,1.14,27.3,3.64,36.4,1.37,36.4,41.9,0.46,0.36,40.1,USA,Tucson,Arizona,"""""""""""""""""""""""""""""""","""""""""""""""""""""""""""""""",,"""""""""""""""""""""""""""""""
,,,,,,,,,,,,,,,,,,,,,,,,,,,,,,,
Rookies,Tarris,Reed Jr.,C,21,211,115,-3,42,0.83,1.87,0.64,2.9,0.51,0.0,0.0,1.24,27.0,3.94,32.4,0.62,31.1,35.3,0.33,0.62,34.0,USA,Storrs,Connecticut,"""""""""""""""""""""""""""""""","""""""""""""""""""""""""""""""",,"""""""""""""""""""""""""""""""
,,,,,,,,,,,,,,,,,,,,,,,,,,,,,,,
Rookies,Allen,Graves,PF,22,198,92,-3,39,0.83,1.87,0.69,2.7,0.43,1.66,0.31,0.41,22.8,2.07,29.0,0.83,31.1,33.2,0.33,0.17,32.4,USA,Santa Clara,California,"""""""""""""""","""""""""""""""",,"""""""""""""""
,,,,,,,,,,,,,,,,,,,,,,,,,,,,,,,
Rookies,Isaiah,Evans,SF,19,196,88,-3,41,0.83,2.28,0.74,3.11,0.43,2.07,0.33,0.21,20.7,1.66,31.1,1.04,32.4,37.3,0.33,0.12,34.4,USA,Durham,North Carolina,"""""""""""""""""""""""""""""""","""""""""""""""""""""""""""""""",,"""""""""""""""""""""""""""""""
,,,,,,,,,,,,,,,,,,,,,,,,,,,,,,,
Rookies,Ebuka,Okorie,PG,20,196,90,-3,41,0.83,2.07,0.69,2.9,0.43,1.66,0.31,0.21,20.7,1.66,31.1,1.04,32.4,35.3,0.33,0.12,33.2,USA,Stanford,California,"""""""""""""""""""""""""""""""","""""""""""""""""""""""""""""""",,"""""""""""""""""""""""""""""""
,,,,,,,,,,,,,,,,,,,,,,,,,,,,,,,
Rookies,Tyler,Tanner,PG,21,201,95,-3,39,0.83,1.87,0.69,2.7,0.43,1.45,0.3,0.62,22.8,2.07,29.0,0.83,31.1,33.2,0.33,0.21,32.4,USA,Nashville,Tennessee,"""""""""""""""""""""""""""""""","""""""""""""""""""""""""""""""",,"""""""""""""""""""""""""""""""
,,,,,,,,,,,,,,,,,,,,,,,,,,,,,,,
Rookies,Meleek,Thomas,SG,19,196,88,-3,41,0.83,2.28,0.74,3.11,0.42,2.07,0.32,0.21,20.7,1.66,31.1,1.04,32.4,37.3,0.33,0.12,34.4,USA,Fayetteville,Arkansas,"""""""""""""""""""""""""""""""","""""""""""""""""""""""""""""""",,"""""""""""""""""""""""""""""""
,,,,,,,,,,,,,,,,,,,,,,,,,,,,,,,
Rookies,Dailyn,Swain,SF,20,201,95,-3,41,0.83,2.07,0.69,2.9,0.43,1.45,0.31,0.62,22.8,2.28,31.1,1.04,32.4,35.3,0.33,0.21,34.0,USA,Austin,Texas,"""""""""""""""""""""""""""""""","""""""""""""""""""""""""""""""",,"""""""""""""""""""""""""""""""
,,,,,,,,,,,,,,,,,,,,,,,,,,,,,,,
Rookies,Henri,Veesaar,C,21,213,110,-3,42,0.83,1.87,0.64,2.9,0.51,0.0,0.0,1.24,27.0,3.73,32.4,0.62,31.1,35.3,0.33,0.62,34.0,Estonia,Chapel Hill,NC,"""""""""""""""""""""""""""""""","""""""""""""""""""""""""""""""",,"""""""""""""""""""""""""""""""
,,,,,,,,,,,,,,,,,,,,,,,,,,,,,,,
Rookies,Will,Riley,SG,19,203,195,-3,35,0.4,1.31,0.63,1.89,0.4,1.53,0.3,0.44,2.91,0.87,29.1,0.66,28.4,30.2,0.07,0.07,29.9,Canada,,Kitchener,"""""""""""""""""""""""""""""""","""""""""""""""""""""""""""""""",,"""""""""""""""""""""""""""""""
,,,,,,,,,,,,,,,,,,,,,,,,,,,,,,,
Rookies,Alex,Karaban,PF,23,203,210,-3,40,0.63,1.44,0.75,2.35,0.47,2.84,0.34,0.77,3.16,1.53,34.3,1.44,38.3,37.4,0.32,0.81,37.0,USA,Southborough,Massachusettes,"""""""""""""""""""""""""""""""","""""""""""""""""""""""""""""""",,"""""""""""""""""""""""""""""""
,,,,,,,,,,,,,,,,,,,,,,,,,,,,,,,
Rookies,Drake,Powell,SG,20,198,195,-3,35,0.33,0.44,0.62,1.09,0.52,0.95,0.43,0.18,1.82,1.09,27.0,0.29,27.7,29.1,0.26,0.22,29.5,USA,Pittsboro,North Carolina,"""""""""""""""""""""""""""""""","""""""""""""""""""""""""""""""",,"""""""""""""""""""""""""""""""
,,,,,,,,,,,,,,,,,,,,,,,,,,,,,,,
Rookies,Rocco,Zikarsky,C,19,218,227,-3,39,0.37,0.5,0.62,1.24,0.52,1.08,0.34,0.21,1.24,1.24,31.9,0.33,33.2,33.2,0.29,0.25,33.6,New Zealand,,Sunshine Coast,"""""""""""""""""""""""""""""""","""""""""""""""""""""""""""""""",,"""""""""""""""""""""""""""""""
,,,,,,,,,,,,,,,,,,,,,,,,,,,,,,,
Rookies,Carter,Bryant,SF,20,203,225,-3,38,0.33,0.58,0.55,0.79,0.63,1.04,0.35,0.29,2.49,1.08,31.1,0.41,31.5,33.2,0.41,0.37,33.6,USA,Riverside,California,"""""""""""""""""""""""""""""""","""""""""""""""""""""""""""""""",,"""""""""""""""""""""""""""""""
,,,,,,,,,,,,,,,,,,,,,,,,,,,,,,,
Rookies,Darrion,Williams,SF,22,198,210,-3,37,0.91,1.58,0.76,3.44,0.45,1.41,0.29,0.75,2.07,2.28,31.1,1.74,31.9,33.2,0.5,0.21,33.6,USA,Las Vegas,Nevada,"""""""""""""""""""""""""""""""","""""""""""""""""""""""""""""""",,"""""""""""""""""""""""""""""""
,,,,,,,,,,,,,,,,,,,,,,,,,,,,,,,
Rookies,Miles,Byrd,SG,21,201,175,-3,44,0.68,1.5,0.78,2.32,0.4,2.69,0.33,0.41,3.64,1.55,36.0,1.18,35.5,36.4,0.91,0.46,36.9,USA,Stockton,California,"""""""""""""""""""""""""""""""","""""""""""""""""""""""""""""""",,"""""""""""""""""""""""""""""""
,,,,,,,,,,,,,,,,,,,,,,,,,,,,,,,
Rookies,Ryan,Kalou,C,24,213,235,-3,48,0.59,2.52,0.66,4.7,0.65,0.84,0.37,1.19,2.48,3.07,36.6,0.74,41.6,39.6,0.4,1.34,40.1,USA,St. Louis,Missouri,"""""""""""""""""""""""""""""""","""""""""""""""""""""""""""""""",,"""""""""""""""""""""""""""""""
,,,,,,,,,,,,,,,,,,,,,,,,,,,,,,,
Rookies,Nique,Cliffrod,SG,24,196,175,-3,35,1.07,1.58,0.68,3.25,0.53,1.98,0.29,0.59,3.56,3.25,30.1,1.66,33.3,31.7,0.44,0.24,32.1,USA,Colorado Springs,Colorado,"""""""""""""""""""""""""""""""","""""""""""""""""""""""""""""""",,"""""""""""""""""""""""""""""""
,,,,,,,,,,,,,,,,,,,,,,,,,,,,,,,
Rookies,JoJo,Tugler,PF,20,201,230,-3,45,0.5,1.0,0.51,1.87,0.49,0.18,0.3,1.32,1.82,1.37,35.1,1.37,36.4,36.4,0.41,1.05,36.9,USA,Houston,Texas,"""""""""""""""""""""""""""""""","""""""""""""""""""""""""""""""",,"""""""""""""""""""""""""""""""
,,,,,,,,,,,,,,,,,,,,,,,,,,,,,,,
Rookies,Dink,Pink,SF,19,203,210,-3,35,0.69,0.47,0.7,2.81,0.4,1.6,0.23,0.26,3.6,2.26,27.7,0.8,29.9,29.1,0.33,0.04,29.5,USA,Dallas,Texas,"""""""""""""""""""""""""""""""","""""""""""""""""""""""""""""""",,"""""""""""""""""""""""""""""""
,,,,,,,,,,,,,,,,,,,,,,,,,,,,,,,
Rookies,JT,Toppin,PF,20,206,210,-3,44,1.05,1.64,0.64,4.46,0.53,0.5,0.23,1.32,3.19,2.5,35.5,0.5,36.0,36.4,0.36,0.5,36.9,USA,Dallas,Texas,"""""""""""""""""""""""""""""""","""""""""""""""""""""""""""""""",,"""""""""""""""""""""""""""""""
,,,,,,,,,,,,,,,,,,,,,,,,,,,,,,,
Rookies,Micheal,Ruzic,PF,19,203,220,-3,35,0.11,0.62,0.37,0.47,0.46,0.55,0.3,0.18,2.91,0.66,28.8,0.11,27.7,28.1,0.18,0.11,29.1,Croatia,,Zadar,"""""""""""""""""""""""""""""""","""""""""""""""""""""""""""""""",,"""""""""""""""""""""""""""""""
,,,,,,,,,,,,,,,,,,,,,,,,,,,,,,,
Rookies,Alex,Toohey,SF,21,201,223,-3,45,0.73,2.0,0.65,4.01,0.48,2.05,0.29,0.87,6.8,1.87,37.8,0.96,38.7,39.2,1.05,0.59,36.4,Australia,,Sydney,"""""""""""""""""""""""""""""""","""""""""""""""""""""""""""""""",,"""""""""""""""""""""""""""""""
,,,,,,,,,,,,,,,,,,,,,,,,,,,,,,,
Rookies,Bogoljub,Markovic,PF,20,206,190,-3,35,1.06,1.75,0.74,2.3,0.51,0.91,0.35,0.73,3.6,2.33,29.5,1.02,29.1,30.2,0.29,0.26,29.1,Serbia,,Uzise,"""""""""""""""""""""""""""""""","""""""""""""""""""""""""""""""",,"""""""""""""""""""""""""""""""
,,,,,,,,,,,,,,,,,,,,,,,,,,,,,,,
Rookies,Chaz,Lanier,SG,24,193,175,-3,35,0.44,0.95,0.74,2.49,0.37,3.29,0.39,0.2,1.19,0.2,32.5,1.15,32.9,30.5,0.4,0.04,31.7,USA,Nashville,Tennessee,"""""""""""""""""""""""""""""""","""""""""""""""""""""""""""""""",,"""""""""""""""""""""""""""""""
,,,,,,,,,,,,,,,,,,,,,,,,,,,,,,,
Rookies,KJ,Lewis,SG,21,193,205,-3,35,0.8,1.31,0.79,2.04,0.49,0.62,0.17,0.47,1.82,1.17,28.4,1.2,29.1,28.1,0.51,0.29,29.1,USA,El Paso,Texas,"""""""""""""""""""""""""""""""","""""""""""""""""""""""""""""""",,"""""""""""""""""""""""""""""""
,,,,,,,,,,,,,,,,,,,,,,,,,,,,,,,
Rookies,Mackenze,Mgbako,SF,21,203,217,-3,35,0.55,0.84,0.79,2.08,0.51,1.71,0.31,0.4,2.91,1.31,26.6,0.44,27.7,28.1,0.11,0.18,29.1,USA,Gladstone,New Jersey,"""""""""""""""""""""""""""""""","""""""""""""""""""""""""""""""",,"""""""""""""""""""""""""""""""
,,,,,,,,,,,,,,,,,,,,,,,,,,,,,,,
Rookies,Joan,Beringer,C,18,206,230,-3,44,0.23,0.46,0.63,1.37,0.52,0.0,0.0,0.5,1.37,1.09,34.6,0.18,35.1,35.1,0.23,0.64,36.4,France,,Strasbourg,"""""""""""""""""""""""""""""""","""""""""""""""""""""""""""""""",,"""""""""""""""""""""""""""""""
,,,,,,,,,,,,,,,,,,,,,,,,,,,,,,,
Rookies,Tyrese,Proctor,PG,21,196,175,-3,35,0.4,0.66,0.69,1.2,0.4,2.08,0.35,0.22,1.82,1.06,31.0,0.8,29.9,28.1,0.26,0.04,29.1,Australia,,Sydney,"""""""""""""""""""""""""""""""","""""""""""""""""""""""""""""""",,"""""""""""""""""""""""""""""""
,,,,,,,,,,,,,,,,,,,,,,,,,,,,,,,
Rookies,Johann,GrÃ¼nloh,C,20,206,220,-3,36,0.18,0.55,0.61,0.91,0.51,0.0,0.0,0.36,0.73,1.09,27.3,0.36,28.1,28.1,0.18,0.18,29.1,Germany,,LÃ¶ningen,"""""""""""""""""""""""""""""""","""""""""""""""""""""""""""""""",,"""""""""""""""""""""""""""""""
,,,,,,,,,,,,,,,,,,,,,,,,,,,,,,,
Rookies,Maxine,Raynaud,C,22,216,235,-3,44,1.05,1.96,0.71,4.7,0.51,2.46,0.3,1.5,1.37,1.5,36.4,0.87,37.3,39.2,0.5,0.46,36.4,France,,Paris,"""""""""""""""""""""""""""""""","""""""""""""""""""""""""""""""",,"""""""""""""""""""""""""""""""
,,,,,,,,,,,,,,,,,,,,,,,,,,,,,,,
Rookies,Hunter,Sallis,PG,22,196,175,-3,36,0.95,1.35,0.75,3.42,0.52,1.82,0.28,0.15,2.55,1.57,31.0,0.98,27.7,28.1,0.47,0.22,29.1,USA,Omaha,Nebraska,"""""""""""""""""""""""""""""""","""""""""""""""""""""""""""""""",,"""""""""""""""""""""""""""""""
,,,,,,,,,,,,,,,,,,,,,,,,,,,,,,,
Rookies,Xaivian,Lee,PG,21,190,180,-3,36,0.77,1.53,0.69,3.17,0.43,1.71,0.32,0.33,1.82,1.75,29.1,1.97,28.4,28.1,0.44,0.11,29.1,Canada,,Toronto,"""""""""""""""""""""""""""""""","""""""""""""""""""""""""""""""",,"""""""""""""""""""""""""""""""
,,,,,,,,,,,,,,,,,,,,,,,,,,,,,,,
Rookies,Donnie,Freeman,PF,20,206,205,-3,35,0.66,1.28,0.73,2.59,0.52,0.95,0.3,0.4,2.55,2.51,28.4,0.51,28.1,28.1,0.15,0.15,29.1,USA,Buford,Georgia,"""""""""""""""""""""""""""""""","""""""""""""""""""""""""""""""",,"""""""""""""""""""""""""""""""
,,,,,,,,,,,,,,,,,,,,,,,,,,,,,,,
Rookies,Tomislav,Ivisic,C,22,216,255,-3,42,0.54,0.75,0.69,2.28,0.57,1.87,0.3,0.83,0.83,2.74,29.9,0.83,33.2,30.7,0.29,0.5,32.8,Croatia,,Vodice,"""""""""""""""""""""""""""""""","""""""""""""""""""""""""""""""",,"""""""""""""""""""""""""""""""
,,,,,,,,,,,,,,,,,,,,,,,,,,,,,,,
Rookies,Tucker,DeVries,SG,23,201,210,-3,43,0.86,1.58,0.75,1.71,0.28,3.11,0.43,0.27,1.35,1.94,33.4,1.26,33.4,33.4,0.81,0.68,35.6,USA,Waukee,Iowa,"""""""""""""""""""""""""""""""","""""""""""""""""""""""""""""""",,"""""""""""""""""""""""""""""""
,,,,,,,,,,,,,,,,,,,,,,,,,,,,,,,
Rookies,Jamir,Watkins,SF,24,201,210,-3,41,1.31,3.43,0.69,3.34,0.44,2.3,0.32,0.5,0.9,1.85,35.2,1.04,35.6,33.4,0.63,0.27,35.6,USA,Trenton,New Jersey,"""""""""""""""""""""""""""""""","""""""""""""""""""""""""""""""",,"""""""""""""""""""""""""""""""
,,,,,,,,,,,,,,,,,,,,,,,,,,,,,,,
Rookies,Payton,Sandfort,SF,23,201,215,-3,35,0.79,1.31,0.8,2.22,0.45,2.97,0.31,0.44,0.79,1.82,29.7,1.19,29.7,29.3,0.32,0.28,31.3,USA,Waukee,Iowa,"""""""""""""""""""""""""""""""","""""""""""""""""""""""""""""""",,"""""""""""""""""""""""""""""""
,,,,,,,,,,,,,,,,,,,,,,,,,,,,,,,
Rookies,Sion,James,SG,22,196,185,-3,35,0.44,0.77,0.72,1.31,0.53,0.66,0.35,0.26,1.09,1.49,25.5,1.13,26.6,27.0,0.4,0.15,28.8,USA,Michigan,Michigan,"""""""""""""""","""""""""""""""",,"""""""""""""""
,,,,,,,,,,,,,,,,,,,,,,,,,,,,,,,
Rookies,Caleb,Love,SG,23,193,195,-3,35,0.71,1.11,0.79,2.57,0.43,3.17,0.29,0.2,2.38,1.58,28.1,1.27,31.3,29.3,0.59,0.16,31.3,USA,St. Louis,Missouri,"""""""""""""""""""""""""""""""""""""""""""""""""""""""""""""""","""""""""""""""""""""""""""""""""""""""""""""""""""""""""""""""",,"""""""""""""""""""""""""""""""""""""""""""""""""""""""""""""""
,,,,,,,,,,,,,,,,,,,,,,,,,,,,,,,
Rookies,David,Duke,PG,20,196,200,-3,35,0.87,1.17,0.69,1.79,0.36,0.98,0.34,0.15,4.4,1.06,23.3,0.98,19.3,24.4,0.4,0.07,26.2,USA,Providence,Providence,R,,
,,,,,,,,,,,,,,,,,,,,,,,,,,,,,,,
Rookies,Malcolm,Cazalon,SG,18,198,185,-3,35,0.58,1.17,0.73,2.26,0.35,0.84,0.29,0.15,3.6,1.53,22.6,1.17,18.2,24.8,0.51,0.15,25.5,France,,Leuven,R,,
,,,,,,,,,,,,,,,,,,,,,,,,,,,,,,,
Rookies,Mustapha,Heron,SG,22,196,220,-3,35,0.77,1.2,0.73,1.86,0.38,1.28,0.32,0.29,4.4,1.17,23.3,0.66,21.5,23.7,0.26,0.04,24.4,USA,St Johns,St Johns,R,,
,,,,,,,,,,,,,,,,,,,,,,,,,,,,,,,
Rookies,Jordan,Bowden,SG,23,196,185,-3,35,0.55,0.99,0.74,1.47,0.39,1.39,0.31,0.16,4.0,0.87,24.9,0.63,21.4,26.5,0.28,0.04,26.9,USA,Tennessee,Tennesse,R,,
,,,,,,,,,,,,,,,,,,,,,,,,,,,,,,,
Rookies,Robe,Falingo,SG,19,201,240,-3,38,0.37,0.29,0.71,2.45,0.42,0.71,0.27,0.41,2.07,1.0,27.4,0.95,29.0,39.4,0.33,0.12,31.1,Philippines,Sampaloc,Manila,R,,
,,,,,,,,,,,,,,,,,,,,,,,,,,,,,,,
,,,,,,,,,,,,,,,,,,,,,,,,,,,,,,,
,,,,,,,,,,,,,,,,,,,,,,,,,,,,,,,
,,,,,,,,,,,,,,,,,,,,,,,,,,,,,,,
,,,,,,,,,,,,,,,,,,,,,,,,,,,,,,,
,,,,,,,,,,,,,,,,,,,,,,,,,,,,,,,
,Team ID,First,Last,Age,Position,Authority,Expectation,Personality,ShotSelection,BallMovement,Rebounding,Defence,Structure,DevShot,DevBallMovement,DevRebounding,DevDefence,DevFitness,FindTalent,FindPotential,Persuasion,Dedication,Desire,Potential,,,,,,,
,,,,,,,,,,,,,,,,,,,,,,,,,,,,,,,
Coaches,0,Quin,Synder,58,HC,68,57,76,61,76,72,77,57,60,68,55,62,41,23,34,67,100,84,75,,,,,,,
,,,,,,,,,,,,,,,,,,,,,,,,,,,,,,,
Coaches,1,Joe,Mazzulla,36,HC,78,69,65,64,81,65,63,82,62,76,75,64,57,43,30,78,87,90,83,,,,,,,
,,,,,,,,,,,,,,,,,,,,,,,,,,,,,,,
Coaches,2,Jordi,Fernandez,42,HC,60,38,72,60,68,60,65,60,53,85,54,66,50,45,67,63,76,89,86,,,,,,,
,,,,,,,,,,,,,,,,,,,,,,,,,,,,,,,
Coaches,3,Charlee,Lee,40,HC,61,61,72,52,74,75,52,100,53,61,80,85,49,55,54,73,80,12,71,,,,,,,
,,,,,,,,,,,,,,,,,,,,,,,,,,,,,,,
Coaches,4,Billy,Donovan,43,HC,66,61,70,54,72,79,69,79,55,80,66,80,56,45,37,80,95,38,64,,,,,,,
,,,,,,,,,,,,,,,,,,,,,,,,,,,,,,,
Coaches,5,Kenny,Atkinson,57,HC,76,71,70,80,73,54,54,78,58,61,52,74,71,68,67,68,73,32,77,,,,,,,
,,,,,,,,,,,,,,,,,,,,,,,,,,,,,,,
Coaches,6,Jason,Kidd,51,HC,68,50,75,50,67,70,63,96,70,60,65,70,60,30,35,80,85,99,72,,,,,,,
,,,,,,,,,,,,,,,,,,,,,,,,,,,,,,,
Coaches,7,Mike,Malone,53,HC,65,62,75,79,81,65,50,65,50,65,40,80,75,65,45,80,70,32,75,,,,,,,
,,,,,,,,,,,,,,,,,,,,,,,,,,,,,,,
Coaches,8,J.B.,Bickerstaff,45,HC,76,74,75,74,59,74,80,88,68,66,64,80,59,32,22,81,78,32,65,,,,,,,
,,,,,,,,,,,,,,,,,,,,,,,,,,,,,,,
Coaches,9,Steve,Kerr,59,HC,87,98,81,88,84,65,81,67,94,91,54,66,79,63,39,75,79,88,88,,,,,,,
,,,,,,,,,,,,,,,,,,,,,,,,,,,,,,,
Coaches,10,Ime,Udoka,47,HC,80,79,65,72,81,65,77,64,63,73,54,36,85,61,65,76,88,47,62,,,,,,,
,,,,,,,,,,,,,,,,,,,,,,,,,,,,,,,
Coaches,11,Rick,Carlise,65,HC,67,59,70,75,72,67,77,77,54,75,58,80,58,51,52,74,82,37,60,,,,,,,
,,,,,,,,,,,,,,,,,,,,,,,,,,,,,,,
Coaches,12,Tyronn,Lue,47,HC,85,74,85,85,72,89,64,85,65,69,73,74,56,44,51,82,90,86,66,,,,,,,
,,,,,,,,,,,,,,,,,,,,,,,,,,,,,,,
Coaches,13,JJ,Reddick,40,HC,80,60,75,60,71,78,54,82,67,69,79,84,65,60,67,86,80,100,73,,,,,,,
,,,,,,,,,,,,,,,,,,,,,,,,,,,,,,,
Coaches,14,Taylor,Jenkins,40,HC,68,62,65,45,68,65,73,86,63,73,54,36,85,61,65,76,88,47,61,,,,,,,
,,,,,,,,,,,,,,,,,,,,,,,,,,,,,,,
Coaches,15,Eric,Spoelstra,54,HC,81,64,80,65,68,84,56,81,62,64,60,71,74,34,49,85,79,35,70,,,,,,,
,,,,,,,,,,,,,,,,,,,,,,,,,,,,,,,
Coaches,16,Doc,Rivers,63,HC,68,57,76,61,76,72,77,57,60,68,55,62,41,23,34,67,100,84,75,,,,,,,
,,,,,,,,,,,,,,,,,,,,,,,,,,,,,,,
Coaches,17,Chris,Finch,44,HC,79,56,70,77,76,79,74,75,55,80,66,80,56,45,37,80,95,38,68,,,,,,,
,,,,,,,,,,,,,,,,,,,,,,,,,,,,,,,
Coaches,18,Willie,Green,46,HC,59,53,85,60,73,84,69,86,73,72,67,79,65,48,43,87,83,77,76,,,,,,,
,,,,,,,,,,,,,,,,,,,,,,,,,,,,,,,
Coaches,19,Tom,Thibodeau,67,HC,59,53,85,60,73,84,69,86,73,72,67,79,65,48,43,87,83,77,76,,,,,,,
,,,,,,,,,,,,,,,,,,,,,,,,,,,,,,,
Coaches,20,Mark,Daigneault,39,HC,72,63,75,62,67,84,72,65,77,73,67,72,58,32,34,76,90,54,67,,,,,,,
,,,,,,,,,,,,,,,,,,,,,,,,,,,,,,,
Coaches,21,Jamahl,Mosley,46,HC,61,61,72,52,74,75,52,100,53,61,80,85,49,55,54,73,80,12,71,,,,,,,
,,,,,,,,,,,,,,,,,,,,,,,,,,,,,,,
Coaches,22,Nick,Nurse,57,HC,59,41,75,51,76,66,81,48,75,73,66,79,49,66,36,85,95,53,76,,,,,,,
,,,,,,,,,,,,,,,,,,,,,,,,,,,,,,,
Coaches,23,Mike,Budenholzer,55,HC,42,42,65,64,63,47,77,61,62,61,53,58,57,72,69,71,80,47,56,,,,,,,
,,,,,,,,,,,,,,,,,,,,,,,,,,,,,,,
Coaches,24,Chauncey,Billups,48,HC,42,42,65,64,63,47,77,61,62,61,53,58,57,72,69,71,80,47,56,,,,,,,
,,,,,,,,,,,,,,,,,,,,,,,,,,,,,,,
Coaches,25,Doug,Christie,54,HC,51,37,75,60,67,61,77,63,68,66,64,80,59,32,22,81,78,32,65,,,,,,,
,,,,,,,,,,,,,,,,,,,,,,,,,,,,,,,
Coaches,26,Gregg,Popovich,76,HC,92,84,41,79,96,81,74,96,70,57,63,66,36,63,30,89,94,87,45,,,,,,,
,,,,,,,,,,,,,,,,,,,,,,,,,,,,,,,
Coaches,27,Darko,Rajakavic,45,HC,76,74,75,74,59,74,80,88,68,66,64,80,59,32,22,81,78,32,65,,,,,,,
,,,,,,,,,,,,,,,,,,,,,,,,,,,,,,,
Coaches,28,Will,Hardy,37,HC,76,73,70,90,88,67,90,79,67,69,76,81,74,67,50,74,83,99,70,,,,,,,
,,,,,,,,,,,,,,,,,,,,,,,,,,,,,,,
Coaches,29,Brian,Keefe,48,HC,74,66,75,85,76,63,84,73,73,66,62,59,67,53,39,74,77,43,86,,,,,,,
,,,,,,,,,,,,,,,,,,,,,,,,,,,,,,,
Coaches,0,Bryan,Bailey,44,AC,55,71,65,56,60,65,74,55,62,51,60,61,90,63,59,68,79,12,75,,,,,,,
,,,,,,,,,,,,,,,,,,,,,,,,,,,,,,,
Coaches,1,Sam,Cassell,55,AC,55,71,65,56,60,65,74,55,62,51,60,61,90,63,59,68,79,12,75,,,,,,,
,,,,,,,,,,,,,,,,,,,,,,,,,,,,,,,
Coaches,2,Travis,Bader,33,AC,60,68,70,57,55,68,68,60,60,51,66,77,69,66,62,67,68,4,70,,,,,,,
,,,,,,,,,,,,,,,,,,,,,,,,,,,,,,,
Coaches,3,Jermaine,Bucknor,41,AC,65,60,70,67,68,63,69,60,67,62,60,63,52,59,57,68,73,64,60,,,,,,,
,,,,,,,,,,,,,,,,,,,,,,,,,,,,,,,
Coaches,4,John,Bryant,40,AC,70,61,85,53,57,86,80,65,62,57,76,83,70,50,60,69,84,36,75,,,,,,,
,,,,,,,,,,,,,,,,,,,,,,,,,,,,,,,
Coaches,5,Johnnie,Bryant,39,AC,55,70,55,52,54,63,70,63,62,62,60,66,98,61,60,64,63,74,90,,,,,,,
,,,,,,,,,,,,,,,,,,,,,,,,,,,,,,,
Coaches,6,Darrell,Armstrong,56,AC,65,80,55,68,73,60,64,75,53,73,56,63,67,53,59,58,89,38,55,,,,,,,
,,,,,,,,,,,,,,,,,,,,,,,,,,,,,,,
Coaches,7,David,Adelman,43,AC,55,57,65,59,64,48,54,55,52,71,46,55,76,79,53,59,58,53,65,,,,,,,
,,,,,,,,,,,,,,,,,,,,,,,,,,,,,,,
Coaches,8,Jerome,Allen,52,AC,55,57,65,59,64,48,54,55,52,71,46,55,76,79,53,59,58,53,65,,,,,,,
,,,,,,,,,,,,,,,,,,,,,,,,,,,,,,,
Coaches,9,Terry,Stotts,67,AC,70,52,80,79,82,62,64,53,81,90,57,67,81,53,67,67,79,48,75,,,,,,,
,,,,,,,,,,,,,,,,,,,,,,,,,,,,,,,
Coaches,10,Josh,Bostic,37,AC,65,56,65,57,59,51,85,62,48,54,55,82,73,66,54,76,73,38,72,,,,,,,
,,,,,,,,,,,,,,,,,,,,,,,,,,,,,,,
Coaches,11,Lloyd,Pierce,48,AC,50,56,55,53,62,55,56,46,52,62,48,62,61,53,66,62,58,66,69,,,,,,,
,,,,,,,,,,,,,,,,,,,,,,,,,,,,,,,
Coaches,12,Jeff,Van Gundy,63,AC,70,56,70,61,69,67,83,68,54,75,58,80,58,51,52,74,82,37,60,,,,,,,
,,,,,,,,,,,,,,,,,,,,,,,,,,,,,,,
Coaches,13,Scott,Brooks,59,AC,70,68,75,70,84,53,57,59,70,74,51,62,54,50,54,65,65,58,80,,,,,,,
,,,,,,,,,,,,,,,,,,,,,,,,,,,,,,,
Coaches,14,Anthony,Carter,49,AC,80,70,55,72,78,53,53,50,71,72,52,54,68,61,58,53,63,35,55,,,,,,,
,,,,,,,,,,,,,,,,,,,,,,,,,,,,,,,
Coaches,15,Chris,Quinn,41,AC,80,70,55,72,78,53,53,50,71,72,52,54,68,61,58,53,63,35,55,,,,,,,
,,,,,,,,,,,,,,,,,,,,,,,,,,,,,,,
Coaches,16,Darvin,Ham,51,AC,60,61,70,53,54,64,54,58,62,67,65,68,73,63,67,75,84,28,90,,,,,,,
,,,,,,,,,,,,,,,,,,,,,,,,,,,,,,,
Coaches,17,Micah,Nori,42,AC,60,64,80,54,78,54,68,54,58,78,52,66,70,72,70,69,79,25,77,,,,,,,
,,,,,,,,,,,,,,,,,,,,,,,,,,,,,,,
Coaches,18,James,Borrego,47,AC,70,69,70,58,68,53,62,67,73,80,57,64,67,58,67,65,78,69,75,,,,,,,
,,,,,,,,,,,,,,,,,,,,,,,,,,,,,,,
Coaches,19,Rick,Brunson,52,AC,60,70,75,54,58,49,53,59,77,83,48,69,71,65,62,69,78,67,88,,,,,,,
,,,,,,,,,,,,,,,,,,,,,,,,,,,,,,,
Coaches,20,David,Akinyooye,35,AC,60,55,65,54,49,64,58,54,64,52,72,71,68,62,68,62,79,73,64,,,,,,,
,,,,,,,,,,,,,,,,,,,,,,,,,,,,,,,
Coaches,21,Jeremiah,Boswell,42,AC,60,70,75,54,58,49,53,59,77,83,48,69,71,65,62,69,78,67,88,,,,,,,
,,,,,,,,,,,,,,,,,,,,,,,,,,,,,,,
Coaches,22,Matt,Brase,42,AC,60,72,65,53,57,64,56,60,59,63,73,72,69,74,69,62,67,39,68,,,,,,,
,,,,,,,,,,,,,,,,,,,,,,,,,,,,,,,
Coaches,23,Chaisson,Allen,35,AC,55,70,60,48,54,41,42,56,74,77,69,78,70,52,60,71,80,8,53,,,,,,,
,,,,,,,,,,,,,,,,,,,,,,,,,,,,,,,
Coaches,24,Nate,Bjorkgren,49,AC,65,50,60,57,52,61,71,64,63,59,62,67,66,53,59,74,80,50,80,,,,,,,
,,,,,,,,,,,,,,,,,,,,,,,,,,,,,,,
Coaches,25,Jay,Triano,66,AC,60,53,65,58,63,47,59,53,62,61,53,58,57,72,69,71,80,47,55,,,,,,,
,,,,,,,,,,,,,,,,,,,,,,,,,,,,,,,
Coaches,26,Mitch,Johnson,38,AC,60,73,70,65,59,67,59,59,80,59,73,68,59,59,69,63,73,83,80,,,,,,,
,,,,,,,,,,,,,,,,,,,,,,,,,,,,,,,
Coaches,27,Mery,Andrade,49,AC,65,65,60,59,56,64,58,69,53,56,58,64,58,49,52,69,68,41,60,,,,,,,
,,,,,,,,,,,,,,,,,,,,,,,,,,,,,,,
Coaches,28,Jason,Terry,47,AC,55,64,70,51,44,51,46,89,67,60,53,51,80,74,80,56,72,70,60,,,,,,,
,,,,,,,,,,,,,,,,,,,,,,,,,,,,,,,
Coaches,29,Alexis,Ajinca,36,AC,65,38,65,42,41,46,43,48,53,50,49,50,52,75,72,66,67,37,95,,,,,,,
,,,,,,,,,,,,,,,,,,,,,,,,,,,,,,,
Coaches,-1,Howard,Eisley,43,N/A,70,68,75,70,84,53,57,59,70,74,51,62,54,50,54,65,65,58,80,,,,,,,
,,,,,,,,,,,,,,,,,,,,,,,,,,,,,,,
Coaches,-1,Phil,Jackson,68,NA,80,81,95,93,95,83,97,88,61,70,65,82,57,53,54,92,88,27,60,,,,,,,
,,,,,,,,,,,,,,,,,,,,,,,,,,,,,,,
Coaches,-1,Jerry,Sloan,68,NA,80,70,75,82,85,85,86,96,65,62,63,65,62,63,64,84,85,86,60,,,,,,,
,,,,,,,,,,,,,,,,,,,,,,,,,,,,,,,
Coaches,-1,Dan,Collins,66,NA,70,71,75,70,70,75,70,75,65,67,68,69,73,57,57,86,83,10,60,,,,,,,
,,,,,,,,,,,,,,,,,,,,,,,,,,,,,,,
Coaches,-1,Byron,Scott,51,NA,75,82,75,73,69,64,68,73,67,68,61,70,68,64,64,71,75,81,70,,,,,,,
,,,,,,,,,,,,,,,,,,,,,,,,,,,,,,,
Coaches,-1,George,Karl,68,NA,70,56,85,82,81,64,61,69,51,70,63,56,68,50,42,79,85,44,60,,,,,,,
,,,,,,,,,,,,,,,,,,,,,,,,,,,,,,,
Coaches,-1,Graeme,Hill,40,NA,70,72,90,59,62,63,62,65,67,70,69,60,64,50,51,71,78,32,85,,,,,,,
,,,,,,,,,,,,,,,,,,,,,,,,,,,,,,,
Coaches,-1,Shaq,O'Neal,41,NA,80,68,95,58,52,66,69,57,71,52,74,75,53,51,52,86,88,50,80,,,,,,,
,,,,,,,,,,,,,,,,,,,,,,,,,,,,,,,
Coaches,-1,Jeff,Van Gundy,53,NA,70,70,70,65,65,68,73,58,61,61,60,64,62,63,62,67,67,37,65,,,,,,,
,,,,,,,,,,,,,,,,,,,,,,,,,,,,,,,
Coaches,-1,Pat,Riley,66,NA,90,95,90,88,92,96,87,92,64,56,64,58,65,62,45,86,84,64,55,,,,,,,
,,,,,,,,,,,,,,,,,,,,,,,,,,,,,,,
Coaches,-1,Hakeem,Olajuwon,49,NA,75,62,80,68,62,93,67,54,85,59,74,80,62,49,45,79,84,67,77,,,,,,,
,,,,,,,,,,,,,,,,,,,,,,,,,,,,,,,
Coaches,-1,Les,Rogers,66,NA,28,55,71,64,81,16,60,71,61,42,28,50,84,69,13,90,64,12,52,,,,,,,
,,,,,,,,,,,,,,,,,,,,,,,,,,,,,,,
Coaches,-1,Sal,Chavarria,61,NA,41,63,86,84,23,29,62,61,62,43,70,10,66,59,26,15,60,17,40,,,,,,,
,,,,,,,,,,,,,,,,,,,,,,,,,,,,,,,
Coaches,-1,Michale,Kennison,54,NA,43,47,43,50,61,18,77,44,14,19,73,75,90,64,78,36,70,56,68,,,,,,,
,,,,,,,,,,,,,,,,,,,,,,,,,,,,,,,
Coaches,-1,Sammie,Peters,65,NA,29,64,43,62,28,48,44,68,77,34,78,40,29,51,18,66,83,37,76,,,,,,,
,,,,,,,,,,,,,,,,,,,,,,,,,,,,,,,
Coaches,-1,Lucien,Casabloy,61,NA,41,50,40,59,75,32,18,43,43,50,53,12,67,30,17,90,40,76,12,,,,,,,
,,,,,,,,,,,,,,,,,,,,,,,,,,,,,,,
Coaches,-1,Darren,Brannum,54,NA,21,47,60,55,20,73,64,20,46,67,42,85,10,38,22,60,39,79,61,,,,,,,
,,,,,,,,,,,,,,,,,,,,,,,,,,,,,,,
Coaches,-1,Keenan,Coulter,62,NA,60,41,34,63,61,21,34,47,12,77,21,56,56,56,33,78,34,36,43,,,,,,,
,,,,,,,,,,,,,,,,,,,,,,,,,,,,,,,
Coaches,-1,Jared,Coots,58,NA,61,55,64,78,16,72,35,61,26,90,84,34,54,25,24,89,10,19,76,,,,,,,
,,,,,,,,,,,,,,,,,,,,,,,,,,,,,,,
Coaches,-1,Sean,Braddy,47,NA,61,50,42,53,32,83,62,88,36,68,67,89,32,30,30,17,38,92,67,,,,,,,
,,,,,,,,,,,,,,,,,,,,,,,,,,,,,,,
Coaches,-1,Lucien,Rosenfeld,32,NA,70,38,72,44,55,45,51,52,51,30,34,32,51,70,32,53,25,2,17,,,,,,,
,,,,,,,,,,,,,,,,,,,,,,,,,,,,,,,
Coaches,-1,Felix,Rocants,29,NA,49,65,40,47,34,89,31,80,40,71,34,72,55,67,86,42,48,14,89,,,,,,,
,,,,,,,,,,,,,,,,,,,,,,,,,,,,,,,
Coaches,-1,Tai,Navarette,32,NA,34,42,80,76,39,17,24,65,18,16,35,34,27,34,53,70,32,75,88,,,,,,,
,,,,,,,,,,,,,,,,,,,,,,,,,,,,,,,
Coaches,-1,Neil,Fleischmann,60,NA,88,46,18,22,81,44,10,65,11,32,25,76,34,50,90,29,27,18,45,,,,,,,
,,,,,,,,,,,,,,,,,,,,,,,,,,,,,,,
Coaches,-1,Deandre,Maclin,42,NA,89,37,45,48,18,60,17,25,57,12,50,63,39,30,42,37,66,45,84,,,,,,,
,,,,,,,,,,,,,,,,,,,,,,,,,,,,,,,
Coaches,-1,Jonathan,Edmiston,44,NA,23,55,24,80,86,83,13,32,67,30,18,42,58,58,81,12,85,51,39,,,,,,,
,,,,,,,,,,,,,,,,,,,,,,,,,,,,,,,
Coaches,-1,Mose,Jock,38,NA,23,56,25,69,89,66,38,58,13,72,24,50,50,19,19,13,42,57,83,,,,,,,
,,,,,,,,,,,,,,,,,,,,,,,,,,,,,,,
Coaches,-1,Irwin,Alvares,29,NA,74,54,61,39,22,26,64,86,74,83,46,70,72,17,53,41,74,14,87,,,,,,,
,,,,,,,,,,,,,,,,,,,,,,,,,,,,,,,
Coaches,-1,Andrew,Markert,60,NA,65,52,15,25,29,74,80,75,45,12,39,24,14,34,33,70,56,20,30,,,,,,,
,,,,,,,,,,,,,,,,,,,,,,,,,,,,,,,
Coaches,-1,Edwin,Clemens,52,NA,44,60,17,72,83,47,75,77,27,21,90,37,83,54,44,43,46,100,86,,,,,,,
,,,,,,,,,,,,,,,,,,,,,,,,,,,,,,,
Coaches,-1,Tobias,Whiang,43,NA,49,64,40,57,70,56,70,75,52,19,24,42,28,89,29,47,43,98,82,,,,,,,
,,,,,,,,,,,,,,,,,,,,,,,,,,,,,,,
Coaches,-1,Jose,Corn,52,NA,63,53,52,50,83,66,57,50,38,18,13,41,41,20,56,60,54,5,82,,,,,,,
,,,,,,,,,,,,,,,,,,,,,,,,,,,,,,,
Coaches,-1,Andrew,Therrien,42,NA,72,40,66,74,25,30,25,81,58,15,15,16,42,79,51,19,74,24,63,,,,,,,
,,,,,,,,,,,,,,,,,,,,,,,,,,,,,,,
Coaches,-1,Otto,Alberto,39,NA,88,74,19,43,81,78,25,78,54,46,75,52,90,41,17,75,38,96,34,,,,,,,
,,,,,,,,,,,,,,,,,,,,,,,,,,,,,,,
Coaches,-1,Edison,Southworth,66,NA,90,58,17,80,15,73,51,29,33,60,44,50,59,55,60,78,51,78,79,,,,,,,
,,,,,,,,,,,,,,,,,,,,,,,,,,,,,,,
Coaches,-1,Robin,Derrico,54,NA,14,44,73,39,55,81,53,22,59,14,79,73,44,71,68,23,58,26,16,,,,,,,
,,,,,,,,,,,,,,,,,,,,,,,,,,,,,,,
Coaches,-1,Mathew,Sistrunk,40,NA,21,57,54,76,55,29,87,20,81,73,61,14,11,74,28,61,86,41,24,,,,,,,
,,,,,,,,,,,,,,,,,,,,,,,,,,,,,,,
Coaches,-1,Chris,Michel,40,NA,16,46,66,24,44,24,48,49,10,38,40,25,81,83,75,51,67,2,84,,,,,,,
,,,,,,,,,,,,,,,,,,,,,,,,,,,,,,,
Coaches,-1,Lynn,Turberville,65,NA,64,54,75,22,25,90,39,15,88,73,76,55,83,52,48,74,47,22,51,,,,,,,
,,,,,,,,,,,,,,,,,,,,,,,,,,,,,,,
Coaches,-1,Jordan,Range,36,NA,47,46,45,56,83,24,61,15,44,87,36,73,82,81,69,13,49,88,59,,,,,,,
,,,,,,,,,,,,,,,,,,,,,,,,,,,,,,,
Coaches,-1,Michale,Giglio,34,NA,81,64,38,77,86,65,63,42,54,88,33,40,76,88,87,69,44,36,58,,,,,,,
,,,,,,,,,,,,,,,,,,,,,,,,,,,,,,,
Coaches,-1,Robbie,Selleck,55,NA,13,50,65,22,90,81,25,48,82,78,21,21,79,79,51,61,76,68,29,,,,,,,
,,,,,,,,,,,,,,,,,,,,,,,,,,,,,,,
Coaches,-1,Chauncy,Nowakowski,54,NA,69,60,72,36,70,58,24,77,62,47,79,49,34,68,61,13,34,49,33,,,,,,,
,,,,,,,,,,,,,,,,,,,,,,,,,,,,,,,
Coaches,-1,Israel,Dressler,65,NA,73,61,36,22,50,42,55,90,50,68,21,55,42,34,77,89,69,100,26,,,,,,,
,,,,,,,,,,,,,,,,,,,,,,,,,,,,,,,
Coaches,-1,Herb,Guice,30,NA,54,48,88,25,36,67,64,32,32,61,68,23,81,18,77,84,12,45,68,,,,,,,
,,,,,,,,,,,,,,,,,,,,,,,,,,,,,,,
Coaches,-1,Esteban,Rencher,41,NA,60,58,26,86,55,63,45,48,80,84,11,51,12,59,35,42,35,56,34,,,,,,,
,,,,,,,,,,,,,,,,,,,,,,,,,,,,,,,
Coaches,-1,Mehmet,Schreier,52,NA,16,45,27,41,21,47,48,46,28,62,32,87,35,48,88,40,25,99,30,,,,,,,
,,,,,,,,,,,,,,,,,,,,,,,,,,,,,,,
Coaches,-1,Billie,Brokaw,50,NA,75,59,10,19,13,87,20,64,38,11,65,63,54,48,49,82,27,67,79,,,,,,,
,,,,,,,,,,,,,,,,,,,,,,,,,,,,,,,
Coaches,-1,Donny,Denis,63,NA,81,41,18,46,13,10,59,15,27,88,68,52,39,34,90,23,52,58,29,,,,,,,
,,,,,,,,,,,,,,,,,,,,,,,,,,,,,,,
Coaches,-1,Gene,Jewell,61,NA,24,49,70,45,37,60,32,19,38,78,44,16,35,40,21,71,75,5,52,,,,,,,
,,,,,,,,,,,,,,,,,,,,,,,,,,,,,,,
Coaches,-1,Everett,Grosso,47,NA,15,57,89,90,17,81,42,54,15,80,16,59,26,40,35,45,19,31,67,,,,,,,
,,,,,,,,,,,,,,,,,,,,,,,,,,,,,,,
Coaches,-1,Caleb,Eastwood,36,NA,29,47,78,46,43,16,13,82,63,26,28,65,65,40,21,33,49,91,34,,,,,,,
,,,,,,,,,,,,,,,,,,,,,,,,,,,,,,,
Coaches,-1,Paul,Mutumbo,37,NA,55,59,75,51,49,73,72,53,63,59,71,73,63,72,68,58,74,97,72,,,,,,,